"","item0","item1","item2","item3","item4","item5","item6"
"1",3048,3009,3174,3504,1058,4204,3340
"2",3030,3020,3905,3089,0,0,3363
"3",3030,3020,3905,3089,3151,1026,3363
"4",3030,3020,3905,3089,1056,0,3363
"5",0,1056,0,3145,0,0,3340
"6",3107,3190,3860,3801,3117,0,3364
"7",3860,3107,3222,3801,3114,3158,3364
"8",3174,0,3860,1052,3114,3158,3364
"9",3860,2065,0,1004,3504,3117,3364
"10",3853,3174,0,1004,1004,2422,3364
"11",3853,3174,0,1004,3158,3504,3364
"12",3850,2003,0,0,0,0,3340
"13",3860,3107,2055,3117,3801,3114,3364
"14",3860,3107,2065,3105,3117,0,3364
"15",3107,2055,3860,3801,3117,3114,3364
"16",3107,2065,3860,3117,3114,3113,3364
"17",2055,3190,3853,3158,3174,3504,3364
"18",2065,3107,3860,3190,3117,0,3364
"19",0,3107,3853,3174,3504,3117,3364
"20",3107,2065,3860,3174,3504,3117,3364
"21",3504,3114,3853,3117,3174,3801,3364
"22",2065,2055,3851,3174,3158,0,3364
"23",3107,2065,3860,3117,0,1004,3364
"24",3860,3107,2065,3504,3117,2055,3364
"25",3222,3853,2065,1052,2055,3158,3364
"26",3174,0,3851,3158,3113,1004,3364
"27",3028,0,3859,0,0,3117,3364
"28",2065,3860,3107,3174,3117,2055,3364
"29",3801,3107,3860,3117,3114,3174,3364
"30",3859,0,3107,3117,3114,3801,3364
"31",3860,3174,0,3801,3117,1004,3364
"32",3174,0,3860,0,3117,0,3364
"33",3117,0,3860,1028,3504,3174,3364
"34",3801,3107,3853,3117,3174,0,3363
"35",3860,0,3158,3504,3174,1004,3364
"36",3107,3860,2055,3158,3174,0,3364
"37",3174,3859,0,1029,3009,3114,3364
"38",3107,3860,1082,3504,3158,3174,3364
"39",3102,3165,3020,3907,3285,1058,3340
"40",3046,3153,3139,3155,3094,3031,3363
"41",3048,3111,3089,3108,2055,1026,3340
"42",3165,3020,3285,3157,0,0,3364
"43",3285,3020,3089,3165,3157,0,3340
"44",3007,3020,2031,3089,1026,1052,2052
"45",3860,3174,3113,3009,1004,1004,3364
"46",3859,0,3114,3174,3047,3113,3364
"47",1011,3860,2065,3009,3174,3504,3364
"48",3174,3860,1082,3158,3504,1052,3364
"49",3860,0,3504,0,3009,3174,3364
"50",3860,2055,3504,1004,3174,3158,3364
"51",3028,3859,3108,3158,2055,1004,3340
"52",3860,2421,3158,3174,3191,0,3364
"53",3860,3105,3174,3158,1033,3504,3364
"54",1056,3157,0,3285,3020,1028,3363
"55",3174,3860,0,3114,3113,3158,3364
"56",3860,3174,3113,3114,3158,1082,3364
"57",3158,3860,2055,3114,3174,3113,3364
"58",3174,3860,3504,1026,3041,3158,3364
"59",3860,3041,3158,3174,3504,1052,3364
"60",3860,0,3174,3504,3801,3158,3364
"61",3174,3860,3504,3041,0,3009,3364
"62",3853,2055,3504,3158,3174,3114,3364
"63",3853,2055,3504,3114,3158,3174,3364
"64",3853,3107,2055,3158,3504,3174,3364
"65",0,3850,0,0,0,0,3340
"66",3853,3107,2055,3158,3174,1004,3364
"67",2033,2055,3285,1058,1082,1001,3363
"68",3853,3107,2055,3174,3504,3158,3364
"69",3853,3107,2055,3158,3174,3114,3364
"70",3851,3114,2055,1028,3174,3158,3364
"71",3853,3107,3504,3174,2055,3158,3364
"72",3853,3222,2055,3158,3174,1004,3364
"73",3853,2055,3113,3158,3174,3114,3364
"74",3853,3107,2055,3174,3158,3114,3364
"75",3853,3107,2055,3174,3114,3158,3364
"76",3853,2055,3114,3174,3158,3113,3364
"77",3285,3020,2031,1052,1026,3089,2052
"78",3504,3853,2055,3114,3174,3158,3364
"79",3853,3113,2055,3114,3174,3158,3364
"80",3853,3107,2055,3158,3174,3114,3364
"81",3851,3174,0,0,0,3158,3364
"82",3851,2055,3801,3174,3114,3158,3364
"83",3853,0,3114,3158,3174,3801,3364
"84",3853,3174,3158,3114,3113,0,3364
"85",2055,3853,3222,3504,3174,3158,3364
"86",2055,3853,3174,3041,3158,3504,3364
"87",2055,3853,3157,3111,3504,3174,3364
"88",3174,3853,3157,3111,3504,0,3364
"89",2055,3853,3157,3504,3047,3174,3364
"90",2031,3853,3047,3174,3504,2055,3364
"91",3174,3853,3047,3114,2055,0,3364
"92",3174,3853,3114,3111,3113,2055,3364
"93",3174,3853,3111,3504,2031,0,3364
"94",2031,3851,3174,3158,1052,3114,3364
"95",3174,3853,3114,2055,3047,0,3364
"96",3174,3853,2055,3111,3102,3504,3364
"97",3174,3851,2031,3047,3114,3113,3364
"98",3504,3853,2421,3158,3174,0,3364
"99",3174,3853,2421,3504,3191,3047,3364
"100",3504,3853,3174,3047,3191,2055,3364
"101",3174,3853,2420,3504,3111,3108,3364
"102",2031,3853,3174,3047,3504,0,3364
"103",3174,3853,3047,3504,3191,2055,3364
"104",3504,3853,3174,3047,2055,1052,3364
"105",2031,3853,3174,3047,3114,1052,3364
"106",3174,3853,3047,3114,2055,1052,3364
"107",2055,3853,3157,3111,3504,3174,3364
"108",3174,3853,2031,3047,3504,0,3364
"109",3114,3853,3174,3047,2055,0,3364
"110",2031,3853,3174,3047,3114,0,3364
"111",2055,3853,3157,3504,3047,3174,3364
"112",3174,3853,3158,3504,3108,0,3364
"113",3174,3853,3504,3111,1026,1052,3364
"114",3174,3853,3114,2055,3113,3047,3364
"115",3111,3853,3157,3504,3174,1058,3364
"116",3174,3853,3047,3114,0,3113,3364
"117",3174,3853,3047,3504,3916,2055,3364
"118",2055,3851,3174,3047,3114,1052,3364
"119",3174,3853,3111,3504,0,0,3364
"120",3047,3853,3174,3504,2055,3191,3364
"121",3174,3853,3157,3504,0,3158,3364
"122",3113,2031,1082,3174,3158,3851,3364
"123",3107,3174,3158,3504,1058,3853,3364
"124",1052,2031,3174,3158,0,3851,3364
"125",3107,3158,3174,0,0,3853,3364
"126",3107,3158,3041,3174,3504,3853,3364
"127",3107,3174,3158,3504,0,3853,3364
"128",3158,3113,3174,1004,1004,3851,3364
"129",3107,3174,3158,3504,2055,3853,3364
"130",3107,3174,3158,3114,2055,3860,3364
"131",3174,2031,3158,3113,3114,3851,3364
"132",3107,3158,3174,3504,2055,3853,3364
"133",3107,2031,3158,3108,2055,3859,3364
"134",3107,3504,3174,3158,0,3860,3364
"135",3504,2031,3174,3158,2055,3853,3364
"136",3504,3107,3158,3174,0,3853,3364
"137",3107,3158,3504,3174,2055,3853,3364
"138",2065,3174,3158,1058,3504,3853,3364
"139",0,3174,3158,1052,2055,3851,3364
"140",3107,3174,3158,3504,2055,3853,3364
"141",3157,1052,1082,3174,3158,3851,3364
"142",3107,3158,3504,3174,0,3860,3364
"143",3113,3174,3158,0,0,3859,3364
"144",3107,3504,3174,0,3158,3853,3364
"145",3107,3158,2003,3504,2055,3860,3364
"146",3850,0,0,0,0,0,3340
"147",3107,3158,3504,3174,3089,3853,3364
"148",3158,3174,3504,0,0,3853,3364
"149",3504,3174,0,3158,0,3853,3364
"150",3174,3504,3158,3114,2055,3853,3364
"151",3157,3174,3504,3158,0,3853,3364
"152",3114,3174,3158,3113,2055,3859,3364
"153",2421,3158,3504,3174,3108,3860,3364
"154",3158,2055,3174,3114,0,3860,3364
"155",3107,2003,3158,3504,3174,3853,3364
"156",3504,0,3174,3158,0,3851,3364
"157",3107,3504,3174,3158,0,3860,3364
"158",3504,3158,3174,0,1082,3853,3364
"159",3107,3174,3504,3158,1058,3860,3364
"160",3107,3504,3041,3174,3158,3853,3364
"161",3158,3174,3504,0,0,3860,3364
"162",3158,3504,3174,0,2055,3859,3364
"163",3157,3158,3504,3174,2055,3860,3364
"164",3107,3504,3158,3174,3916,3860,3364
"165",1056,2031,3285,2422,2055,0,3340
"166",3158,3504,3174,1082,2055,3859,3364
"167",3174,3158,3504,3114,2055,3853,3364
"168",3157,3174,3158,3114,2055,3853,3364
"169",3107,3158,1082,3504,3174,3853,3364
"170",3107,3174,3158,3504,2055,3853,3364
"171",3158,3504,1082,3174,0,3853,3364
"172",3285,3916,3020,1058,1058,0,2052
"173",3853,3158,1082,3174,3504,3108,3364
"174",3030,3916,3020,3108,0,0,2052
"175",2010,0,0,0,0,0,0
"176",3853,1001,3504,3174,3801,0,3364
"177",3853,3158,3504,3174,1004,1004,3364
"178",3285,3020,3115,3916,1058,0,2052
"179",3853,3504,3174,3158,1058,1058,3364
"180",3853,1082,3174,3504,3158,1058,3364
"181",3853,3504,3174,3158,3030,3089,3364
"182",3030,3020,3905,1082,3151,0,3363
"183",3030,3020,3905,3151,1082,1058,3363
"184",3030,3020,3905,3041,3136,1056,3363
"185",3030,3020,3905,1082,1056,2055,3363
"186",3030,3020,3905,3041,1056,1052,3363
"187",3030,3020,3905,1056,1052,1082,3363
"188",3030,3020,3905,3151,3135,1056,3363
"189",3030,3020,3151,3108,1056,1058,3363
"190",3030,3020,3905,1056,1052,0,3363
"191",3030,3020,3905,1082,3151,1026,3363
"192",3030,2422,1056,1082,0,1052,3340
"193",3030,3020,3905,1056,1058,2003,3363
"194",3030,3020,3905,3089,1026,3136,3363
"195",3030,3020,3905,1058,1082,1058,3363
"196",3030,3020,3905,1026,1056,3136,3363
"197",3030,3020,3905,1082,1056,1052,3363
"198",3030,3020,3905,3151,1056,3135,3363
"199",3030,3020,3905,1026,3089,3136,3363
"200",3030,3020,3905,3041,3916,1026,3363
"201",3030,3020,3905,3136,1056,1082,3363
"202",3030,3020,3905,3089,3151,1052,3363
"203",3030,3020,3905,1058,3151,1058,3363
"204",3030,3020,3905,1056,3916,1082,3363
"205",3030,3020,3905,1082,1056,3136,3363
"206",3853,3158,3222,3504,3174,0,3364
"207",3030,3020,3905,3089,2055,0,3363
"208",3030,3020,3905,3041,1056,1026,3363
"209",3030,3020,3905,3151,3135,1058,3363
"210",3145,1056,1082,1052,1052,2422,3340
"211",3853,3158,3222,3504,3174,1058,3364
"212",3030,3853,3905,3020,1052,1082,3364
"213",3040,3020,3151,3135,3089,0,3363
"214",3030,3020,3905,1058,1058,1056,3363
"215",3040,3020,3151,1056,1058,1058,3363
"216",3040,3020,3089,1052,0,0,3363
"217",3030,3020,3905,3151,1058,1056,3363
"218",3860,3158,3174,3504,0,0,3364
"219",3853,3020,3285,1052,3151,1026,3364
"220",3853,3158,3174,3504,0,0,3364
"221",3851,3158,3174,3113,3114,0,3364
"222",3853,3158,3174,3504,1082,1058,3364
"223",3860,3158,3174,3504,2055,0,3364
"224",3030,3020,3905,3135,3151,1058,3363
"225",3030,3020,3905,3089,1026,1052,3363
"226",3040,3020,3089,1056,1082,1026,3363
"227",3030,3853,3905,3020,1026,1082,3364
"228",3040,3020,3089,1052,1026,1056,3363
"229",3030,3020,3905,3089,3151,1052,3363
"230",3030,3020,3905,1082,1056,1052,3363
"231",3030,3020,1056,1082,3108,1052,3363
"232",3030,3020,3905,1056,3165,0,3363
"233",3030,3020,3108,3113,1056,1082,3363
"234",3030,3020,3905,1058,1082,1058,3363
"235",3030,3020,3905,1082,1056,0,3363
"236",3030,3020,3905,3089,1082,0,3363
"237",3030,3020,3905,1056,3151,3135,3363
"238",3030,3020,3905,3151,3089,1052,3363
"239",3030,3020,3905,3151,1026,1052,3363
"240",3030,3020,1056,1082,3108,3113,3363
"241",2403,1056,0,0,0,0,3340
"242",3030,3020,3905,3151,3089,1026,3363
"243",3802,1056,3145,2422,0,0,3340
"244",3030,3020,1056,1082,1052,3108,3363
"245",3030,3020,3905,1082,1056,0,3363
"246",3030,3020,3905,3916,1056,1082,3363
"247",3853,3158,3174,3504,1058,1058,3364
"248",3030,3020,3905,1056,1082,1052,3363
"249",3030,3020,3905,3151,1056,1026,3363
"250",3030,2422,1056,1052,1082,0,3340
"251",3030,3020,3905,1056,1052,3041,3363
"252",3030,3020,3905,3151,3089,0,3363
"253",3030,3020,3905,3165,3136,1026,3363
"254",3030,2422,1052,0,1056,0,3340
"255",3030,3020,3905,1082,3151,1058,3363
"256",3030,3020,3905,3151,3089,0,3363
"257",3030,3020,3905,3151,3135,1058,3363
"258",3030,3020,3905,1026,3136,1082,3363
"259",3030,3020,3905,1056,1082,1052,3363
"260",3030,3020,3905,3165,1082,1058,3363
"261",3030,3020,3905,1056,3916,1082,3363
"262",3030,3020,3905,3165,1058,1082,3363
"263",3030,3020,3905,1056,3151,1082,3363
"264",3030,3020,3905,1056,3136,0,3363
"265",3853,3020,3285,3504,0,0,3364
"266",3853,3222,2055,3174,0,3117,3364
"267",3860,2055,1004,3174,0,3047,3364
"268",3853,3107,2065,2055,3174,3117,3364
"269",3853,3107,2055,1004,3174,3117,3364
"270",3853,3107,0,3174,1028,3117,3364
"271",3853,3114,2055,3174,3047,0,3364
"272",3853,2065,3107,2055,3174,3009,3364
"273",3853,3151,3020,3285,1058,1058,3364
"274",3853,3285,3135,3020,3089,0,3364
"275",3853,1082,3285,3020,1058,0,3364
"276",3853,3089,3285,3020,2055,0,3364
"277",3851,3285,1082,3020,2055,0,3364
"278",3853,3151,3020,3285,0,0,3364
"279",3853,3285,0,3020,1058,1058,3364
"280",3853,3157,3020,3285,1026,3916,3364
"281",3853,2421,3285,1082,3020,1052,3364
"282",1056,3020,3135,0,3285,0,3340
"283",3157,3165,3285,3020,3041,1058,3340
"284",3285,3157,3089,1026,3020,1052,3340
"285",1056,2003,3916,3802,3020,3107,3340
"286",3020,1029,3089,3285,3916,1056,3340
"287",2421,3853,3158,3285,3108,3191,3364
"288",3285,3157,3853,3020,1026,0,3364
"289",3853,2421,3158,3285,1052,0,3364
"290",3853,3157,3020,3285,1052,1028,3364
"291",3853,3285,3041,3020,0,0,3364
"292",3853,3157,3158,3285,1026,1052,3364
"293",3853,3157,3285,3165,3158,3057,3364
"294",3853,3157,2421,3020,3285,3089,3364
"295",3853,3157,3020,3285,1026,1052,3364
"296",3853,2421,3108,3191,3285,3020,3364
"297",1056,3157,3285,3158,1026,0,3340
"298",3853,2420,3191,3020,3285,3108,3364
"299",1056,2421,3020,3285,3108,0,3340
"300",3853,3157,3285,3158,1026,1052,3364
"301",3853,2421,3285,3191,3020,3108,3364
"302",3853,3157,3285,3020,0,0,3364
"303",3853,2420,3285,3158,3108,1029,3364
"304",3853,3041,3158,3285,0,0,3364
"305",1082,2003,0,0,0,0,3340
"306",3853,3020,1029,3285,3108,0,3364
"307",3853,3157,3285,3041,3158,1026,3364
"308",3853,3157,3285,3158,3041,0,3364
"309",3041,3285,3157,3158,3165,1058,3363
"310",3853,3222,3504,3174,3114,3158,3364
"311",3158,3853,2055,3504,3174,0,3364
"312",3853,2055,3114,3174,3158,3504,3364
"313",3174,3853,3028,3114,3158,3504,3364
"314",3853,3174,3158,2055,3113,1004,3364
"315",3174,3853,3504,3158,1033,0,3364
"316",3174,2055,3851,3158,1052,3114,3364
"317",3504,3853,3222,3174,3158,3114,3364
"318",3853,3222,3174,3158,0,3504,3364
"319",3853,3504,3190,3158,3174,1033,3364
"320",3851,3174,0,3158,3114,1033,3364
"321",3174,3851,2055,0,1001,0,3364
"322",3853,3222,3158,1052,3114,3174,3364
"323",3853,3107,3222,3504,3174,3158,3364
"324",3158,3222,3853,3174,2055,0,3364
"325",2055,3222,3853,3174,3158,3113,3364
"326",3174,3853,2055,3158,3504,3028,3364
"327",3174,3853,0,3114,3028,3158,3364
"328",3174,3853,3222,1052,2055,3158,3364
"329",3853,1006,0,3158,3222,3174,3364
"330",3853,3504,3028,3158,3174,0,3364
"331",3853,3107,3504,3174,3222,3158,3364
"332",3504,3853,3114,3174,3158,0,3364
"333",3504,3114,3853,3174,3222,3158,3364
"334",3853,3191,3107,3174,3222,3158,3364
"335",3174,3853,3114,3222,3158,0,3364
"336",3853,3107,3114,3174,3222,3158,3364
"337",3158,3853,3114,3222,3174,3801,3364
"338",3853,2055,3222,3801,3174,3158,3364
"339",3174,3114,3853,3222,3113,3158,3364
"340",3851,3174,3158,2055,0,0,3364
"341",1056,3157,1058,3020,1082,3285,3363
"342",3853,3222,3504,3158,3174,0,3364
"343",3851,3174,2003,3158,2055,0,3364
"344",3851,3174,3158,3114,1052,0,3364
"345",3028,3853,2055,3174,3158,0,3364
"346",3851,3107,0,0,2422,0,3364
"347",3853,3107,3222,3801,3047,2055,3364
"348",3853,2065,3107,3174,3047,2055,3364
"349",3853,3107,2065,3047,0,0,3364
"350",3860,3107,2065,3047,2055,3504,3364
"351",3853,3158,3107,0,3114,1052,3364
"352",3030,3020,3165,3089,0,0,2052
"353",3851,3504,1001,2031,0,0,3364
"354",3853,2065,3107,3174,3158,2055,3364
"355",3853,2065,3009,3174,1031,0,3364
"356",3853,3190,3504,3047,3174,2055,3364
"357",3285,3089,0,3020,1082,3916,3363
"358",3851,3504,2055,3117,1004,1004,3364
"359",3853,3222,3107,3158,3504,2055,3364
"360",3853,3222,3107,3504,2422,0,3364
"361",3853,3174,2055,3158,3504,3801,3364
"362",3853,2055,3107,3174,3158,3504,3364
"363",3853,0,3107,3174,3158,3504,3364
"364",3853,2055,3107,3174,3158,3504,3364
"365",3853,3504,3174,3158,0,3801,3364
"366",3853,1026,3107,3174,3158,3504,3364
"367",3851,3174,0,3158,3114,1052,3364
"368",3853,3174,2055,3158,3504,3801,3364
"369",3851,2003,2055,3504,0,3174,3364
"370",3851,3174,2055,3158,3114,1052,3364
"371",3853,0,3107,3174,3158,3504,3364
"372",3853,3174,2055,3158,3504,1006,3364
"373",3851,3174,2055,3158,0,3504,3364
"374",3853,2055,3107,3174,3158,3504,3364
"375",3853,3174,2055,3114,3158,3113,3364
"376",3853,2055,3107,3174,3158,3504,3364
"377",3853,2055,3107,3158,3174,3504,3364
"378",3853,2055,3107,3174,3158,3504,3364
"379",3853,3174,0,3158,3504,3801,3364
"380",3853,3158,3174,3113,0,3114,3364
"381",3853,0,3107,3174,3158,3504,3364
"382",3853,2055,3107,3174,3158,3504,3364
"383",3853,3174,2055,3158,3504,3801,3364
"384",3853,3174,2055,3158,3504,1006,3364
"385",3851,3174,0,3114,3158,3113,3364
"386",3853,3174,2055,3158,3504,1006,3364
"387",3853,2055,3107,3174,3158,3504,3364
"388",3853,0,3107,3174,3158,3504,3364
"389",3851,3174,0,3113,3158,3114,3364
"390",3851,3174,2055,2422,0,3504,3364
"391",3853,2055,3107,3174,3158,3504,3364
"392",3853,2055,3107,3174,3158,3504,3364
"393",3853,3174,2055,3158,0,3504,3364
"394",3853,3174,2055,3158,3504,1004,3364
"395",3853,3174,2055,2422,0,3504,3364
"396",3853,3174,2055,3158,3504,3114,3364
"397",3853,3174,2055,3158,3504,3801,3364
"398",3853,2055,3107,3158,3174,3504,3364
"399",3853,2055,3107,3174,3158,3504,3364
"400",3851,2422,2003,3174,0,3504,3364
"401",3851,3174,2422,1004,0,1004,3364
"402",3853,3801,2055,3174,3158,3504,3364
"403",3853,3174,2055,3158,3504,3801,3364
"404",3853,1058,3382,3174,3158,3504,3364
"405",3851,3174,2055,3158,3504,3801,3364
"406",3853,2055,3107,3174,3158,3504,3364
"407",3853,3504,3174,3158,0,1004,3364
"408",2421,1056,3285,3020,1082,3165,3363
"409",3157,1056,3285,3020,0,1082,3363
"410",3157,1026,3285,3020,1082,3165,3363
"411",2003,1056,1026,1001,0,3802,3340
"412",3285,1056,1082,3020,1052,1028,3363
"413",3157,1052,3285,3020,3041,3165,3363
"414",3285,3135,3020,3165,1058,1058,3340
"415",1043,3142,3153,3174,3117,3091,3340
"416",3165,3020,3124,3135,3151,3089,3363
"417",3020,3191,3285,3165,3135,3089,3340
"418",3089,3135,3151,3124,3285,3020,3340
"419",2055,3174,3853,3107,3009,3114,3364
"420",3801,3174,3851,2003,3111,3114,3364
"421",1028,3174,3851,1004,0,2422,3364
"422",2055,3009,3853,3107,3504,3174,3364
"423",2055,3174,3853,3107,3009,0,3364
"424",2055,3174,3853,3107,3009,3191,3364
"425",2055,3107,3853,3009,3174,3191,3364
"426",2055,3174,3853,3107,3009,3108,3364
"427",0,3157,3853,3107,3009,3174,3364
"428",2055,3174,3853,3107,3009,1029,3364
"429",2055,3174,3851,1004,3111,1004,3364
"430",2055,1029,3853,3009,3107,3174,3364
"431",2055,3174,3851,3114,3009,3801,3364
"432",0,3174,3851,3801,1004,3009,3364
"433",2055,3157,3853,3107,3009,3174,3364
"434",2055,3009,3853,3107,3174,3191,3364
"435",3174,0,3851,2422,1004,1004,3364
"436",3114,3174,3853,2055,3009,3801,3364
"437",2055,3174,3853,3009,3114,3801,3364
"438",2055,3157,3853,3107,3174,3047,3364
"439",2055,3114,3853,1028,3174,3009,3364
"440",2055,3174,3853,3107,3009,1052,3364
"441",2055,3174,3853,3107,3009,0,3364
"442",2055,3174,3853,3107,3009,2003,3364
"443",0,3108,3851,3107,3028,3009,3364
"444",3504,3157,3853,3107,3009,3174,3364
"445",1052,2421,3853,3107,3009,3191,3364
"446",2055,3107,3853,2421,3009,3174,3364
"447",2055,3157,3853,3107,3174,3009,3364
"448",3191,3009,3853,3107,3108,0,3364
"449",2055,3174,3851,2422,3114,3801,3364
"450",2055,3009,3853,3107,3174,3191,3364
"451",2055,3174,3851,1006,0,2422,3364
"452",2055,3174,3853,3107,3504,3009,3364
"453",2055,3504,3853,3107,3047,3108,3364
"454",2055,3114,3853,3107,3009,3174,3364
"455",3174,3107,3853,3157,3504,3009,3364
"456",2055,3174,3853,3107,3009,3114,3364
"457",2055,3174,3851,3801,3009,3114,3364
"458",0,3174,3853,3107,3191,3009,3364
"459",2055,3174,3853,3107,0,3009,3364
"460",3174,2055,3853,3107,3111,0,3364
"461",2055,3174,3853,3107,3111,3191,3364
"462",3191,3174,3853,3107,3009,3108,3364
"463",2055,3009,3853,3107,3174,0,3364
"464",3107,3174,3853,3504,3009,2055,3364
"465",2055,3174,3853,3107,3111,1052,3364
"466",2055,3174,3853,3107,3009,0,3364
"467",2055,3174,3853,3157,3047,0,3364
"468",2055,3174,3853,3107,3047,0,3364
"469",2055,3174,3851,3801,3111,3114,3364
"470",2055,3174,3853,3009,3114,0,3364
"471",2055,3174,3853,3157,3504,3111,3364
"472",0,3174,3853,3157,3047,3114,3364
"473",2055,3107,3851,3009,3174,0,3364
"474",3114,3174,3851,2055,2422,0,3364
"475",2055,3174,3853,3107,3009,3108,3364
"476",2055,3174,3853,3107,3009,1052,3364
"477",0,3174,3853,3107,1052,3009,3364
"478",2055,3009,3853,3107,3108,3174,3364
"479",2055,3107,3853,3174,3111,3108,3364
"480",2055,3028,3850,3108,2003,2422,3364
"481",2055,3107,3853,3157,3111,3174,3364
"482",2055,3174,3853,3157,2422,0,3364
"483",2055,3107,3851,2422,0,3174,3364
"484",2055,3174,3851,3801,1004,2422,3364
"485",3030,3020,3285,1056,3165,1058,3364
"486",1056,3030,3285,3020,1026,3916,3364
"487",1056,3030,3020,3165,3135,0,3364
"488",1082,1056,3030,3020,3285,3916,3364
"489",3030,3020,1082,1026,3157,3285,3340
"490",1056,3030,1082,3108,3020,0,3364
"491",1056,3030,3020,3285,1052,0,3340
"492",3157,3030,3285,3020,3135,3089,3364
"493",1082,1058,3285,3020,3135,3165,3364
"494",3390,3165,3020,1082,3157,1056,3364
"495",1082,1056,3285,3020,3157,0,3364
"496",3285,1056,1082,3020,3157,3135,3340
"497",3020,1056,3285,1082,3157,3135,3340
"498",3285,1056,3020,3916,2424,1026,3340
"499",2424,1056,1082,1001,3802,1026,3364
"500",1082,3135,3285,3020,3157,3165,3340
"501",2424,1056,3285,3191,1001,3108,3340
"502",1082,1056,3020,3285,2424,3165,3340
"503",3285,1056,3020,2055,3157,0,3364
"504",3020,1056,3285,1082,2423,3916,3364
"505",3020,1056,3285,1082,3157,3165,3364
"506",3285,1056,3020,3165,2424,1026,3364
"507",2424,3030,3020,1082,3285,1026,3340
"508",2424,1056,3020,1082,3285,1052,3340
"509",3020,1058,3285,1082,3157,3135,3340
"510",3165,3135,3020,1058,3157,3285,3364
"511",3020,3089,3285,1082,3157,3135,3340
"512",3020,1056,3285,3135,3157,3089,3364
"513",3020,1056,3285,1082,3157,3108,3340
"514",1056,1001,1082,3802,0,0,3340
"515",1056,3285,3020,3916,1082,0,3340
"516",3089,1082,3285,3020,3157,3135,3340
"517",3157,3020,3860,3174,3114,2055,3364
"518",3165,3853,3174,3020,2055,3108,3364
"519",3504,3860,3020,3916,3174,1026,3364
"520",3191,3853,3174,3020,3135,3108,3364
"521",3504,3860,3174,0,3020,1026,3364
"522",2423,3504,3853,3020,3174,2055,3364
"523",2423,2031,3859,3047,3108,1004,3364
"524",0,3853,3020,3174,1026,1052,3364
"525",3157,3860,3174,3020,3165,1052,3364
"526",2055,1026,3853,3020,3174,3504,3364
"527",2423,3853,3504,3174,1026,3020,3364
"528",2423,3504,3860,3174,3020,1026,3364
"529",2424,3191,3860,3174,3020,3108,3364
"530",3853,3916,3020,3174,3504,1026,3364
"531",3157,3165,3853,3174,3020,3504,3364
"532",3174,2031,3853,3020,0,3114,3364
"533",1026,3504,3853,3174,3020,3916,3364
"534",3504,3191,3860,3174,3020,2055,3364
"535",3504,3165,3860,3174,3020,3108,3364
"536",3113,3114,3853,3020,3174,2055,3364
"537",3165,2055,3853,3174,3020,0,3364
"538",2055,3860,3174,3020,3504,1026,3364
"539",2055,3853,3174,3020,3504,1026,3364
"540",3157,3860,3504,3020,3174,0,3364
"541",3504,3860,3020,1052,3174,1026,3364
"542",3165,3504,3853,3020,3174,3135,3364
"543",3157,3504,3853,3020,3174,1052,3364
"544",3157,3285,3020,3135,3089,3165,2052
"545",2055,3114,3853,3174,3020,3113,3364
"546",2423,3851,3174,3020,2055,3113,3364
"547",3114,2055,3853,3020,3174,3113,3364
"548",2424,3504,3853,3174,1026,3020,3364
"549",3135,2055,3853,3174,3020,3191,3364
"550",3157,3860,3174,3020,3114,3113,3364
"551",3157,3165,3860,3020,3174,1026,3364
"552",3020,3504,3860,3174,3165,2055,3364
"553",3504,3853,3165,3174,3191,3020,3364
"554",3157,3504,3853,3174,2055,3020,3364
"555",2424,3853,3174,3020,3113,3114,3364
"556",3504,3020,3860,1026,3174,3916,3364
"557",3113,2055,3853,3174,3114,3020,3364
"558",3157,3165,3853,3174,1052,3020,3364
"559",3504,3165,3853,3174,3020,1058,3364
"560",3853,3504,3020,3135,3191,3174,3364
"561",3089,3853,3174,3020,1052,2055,3364
"562",3504,3165,3860,3174,1052,3020,3364
"563",2424,2031,3853,3174,3020,3135,3364
"564",3165,3135,3853,3174,3020,1052,3364
"565",3504,2031,3853,3174,3020,2055,3364
"566",2423,1056,3020,3285,3102,1026,3363
"567",1058,3853,3174,3020,3113,0,3364
"568",3157,3504,3860,3174,3165,3020,3364
"569",3174,3191,3853,3020,3165,3108,3364
"570",3853,3174,2055,3504,1004,3158,3364
"571",3285,3041,1052,0,3020,1056,3363
"572",3285,2421,3020,3041,3165,3089,3363
"573",3020,3089,3285,3916,1056,3041,3363
"574",3089,3157,3165,3020,3041,3285,3363
"575",3853,3107,3105,3174,3158,3504,3364
"576",3853,3222,2055,3158,3504,3801,3364
"577",3853,3158,1052,3174,1028,0,3364
"578",3860,3174,0,3504,3158,0,3364
"579",3853,3285,3165,2055,0,3158,3364
"580",3853,3174,3113,3158,2055,3114,3364
"581",3853,3174,3285,0,3041,3158,3364
"582",3853,3504,0,1082,3158,3174,3364
"583",3853,3285,3801,3158,3174,2055,3364
"584",3851,3174,3158,0,0,0,3364
"585",3285,3157,3158,3089,1052,0,2052
"586",3853,3174,3111,3165,1052,2055,3364
"587",3859,3174,0,0,1001,0,3364
"588",3860,3504,3174,3158,1052,2055,3364
"589",3853,3174,2055,1052,3504,3158,3364
"590",3853,3107,3174,0,3009,3504,3363
"591",3853,3504,3009,1082,3114,0,3364
"592",3853,3174,1004,3158,3041,0,3363
"593",3860,3107,3190,3041,3020,3174,3364
"594",3853,3009,3174,3504,0,0,3364
"595",3853,3041,3174,3158,3114,1052,3363
"596",3853,3190,3174,3158,3114,3801,3363
"597",3853,2065,3174,3117,0,2055,3363
"598",3853,3222,3504,3158,3174,1082,3363
"599",3860,3158,3174,3504,3114,0,3363
"600",3853,3030,3057,3020,0,0,3340
"601",3853,3107,3174,3504,3158,2055,3363
"602",3853,3107,3158,3504,3174,0,3363
"603",3174,3158,3504,3860,3107,3105,3364
"604",3114,3174,0,3859,3158,0,3364
"605",3504,3174,3158,3860,3114,3801,3364
"606",3858,0,0,0,2003,0,3340
"607",3158,3174,3504,3860,3107,3114,3364
"608",1004,3174,1001,3851,2055,1004,3364
"609",3174,3158,1004,3859,1004,2055,3364
"610",3174,3504,3158,3853,1058,1058,3364
"611",3041,3158,3174,3853,3089,3114,3364
"612",3504,3853,3174,3158,0,0,3364
"613",3114,3860,3107,3742,3158,3174,3364
"614",2055,3853,3504,3089,3174,3158,3364
"615",2055,3853,3174,3114,3801,3158,3364
"616",2055,3853,3504,3174,3158,1058,3364
"617",2055,3851,3028,0,2422,3108,3364
"618",1004,3851,3158,1004,1052,3174,3364
"619",3285,3020,2421,3089,3165,3191,3340
"620",1056,3285,3020,1052,1082,0,3340
"621",1056,3285,1082,3020,1058,0,3340
"622",1056,3020,3285,3916,1026,0,3340
"623",1056,0,3157,3285,1058,3020,3340
"624",3089,3285,0,3191,3165,3020,3340
"625",1056,3285,3165,0,3020,0,3340
"626",3089,3020,1026,3285,1052,1082,3340
"627",1056,3020,0,3285,3191,0,3340
"628",1056,3285,3916,3020,1029,0,3340
"629",1056,3285,3165,1058,0,3020,3340
"630",3108,3285,2420,3089,3020,3165,3340
"631",3285,3089,3108,3020,3191,0,3340
"632",1056,3020,3157,1052,1028,3285,3340
"633",3285,3165,3089,0,3020,0,3340
"634",3285,3157,0,0,3020,0,3340
"635",3285,3089,3916,1026,3020,0,3340
"636",1056,3802,0,1026,3020,1082,3340
"637",3020,3285,3089,3041,1056,1028,3340
"638",3285,3041,0,3020,3916,3089,3340
"639",1056,3285,1058,3020,3916,1058,3340
"640",3089,3165,2421,3285,3020,1029,3340
"641",1056,3020,3285,3165,1058,1058,3340
"642",1056,3285,0,3165,1058,3020,3340
"643",3020,3285,3108,3165,1033,3089,3340
"644",1056,3285,3020,3165,1058,1082,3340
"645",3165,3020,3374,3285,3135,3108,3340
"646",1056,0,3157,3285,3020,1058,3340
"647",3285,3020,0,1058,0,0,3340
"648",1056,3285,3165,3020,1058,2055,3340
"649",1056,3285,3089,3020,1033,0,3340
"650",1056,3285,2055,1058,3020,3165,3340
"651",1056,3020,0,1029,1026,3802,3340
"652",1052,3020,2421,3285,3165,3089,3340
"653",3089,3020,3285,3165,3041,0,3340
"654",3285,3020,1058,1056,0,0,3340
"655",3285,3020,3089,1056,3165,3135,3340
"656",1056,3020,3285,3916,0,0,3340
"657",3285,3020,0,3089,3165,0,3340
"658",1056,1026,0,3285,3916,3020,3340
"659",3020,3285,3165,3089,3108,1056,3340
"660",1056,0,2003,0,0,0,3340
"661",3135,3285,2055,3089,3020,3165,3340
"662",1056,3916,0,3020,3285,1058,3340
"663",1026,1052,3089,3020,3165,3285,3340
"664",1056,3285,0,3916,3020,0,3340
"665",3020,3285,3089,0,3165,0,3340
"666",1056,3285,0,3020,3916,0,3340
"667",1056,3285,0,3916,1026,3020,3340
"668",1056,3020,3165,3285,1058,1058,3340
"669",1056,3285,3916,3020,0,0,3340
"670",1056,3285,3089,1052,3020,3165,3340
"671",3089,3020,3285,3165,0,1082,3340
"672",3108,3020,3165,3285,1082,3089,3340
"673",3089,3285,3157,3020,3165,3135,3340
"674",3020,3285,3089,3108,3165,3135,3340
"675",3285,3165,1026,3020,1052,1056,3340
"676",3108,3089,3165,3135,3285,3020,3340
"677",3285,3165,2420,1056,3191,3020,3340
"678",3165,3285,1058,3020,1056,0,3340
"679",3285,3165,1058,1058,1056,3020,3340
"680",3285,3020,2031,1056,3089,1052,3340
"681",1056,3285,3020,0,0,0,3340
"682",3174,3860,3113,1001,1004,1004,3364
"683",3174,3853,2055,3158,3504,1004,3364
"684",3174,3853,2055,3504,3114,3158,3364
"685",3107,3860,1026,3158,3504,3174,3364
"686",3107,3860,1058,3174,3158,3504,3364
"687",3802,3851,2055,3020,1026,0,3364
"688",3020,3853,2055,3802,3151,0,3364
"689",3285,3853,2055,0,3020,0,3364
"690",3285,3853,0,1052,3020,1028,3364
"691",3136,3853,0,3285,3020,1026,3364
"692",2003,3853,0,3285,1052,3020,3364
"693",3151,3853,2055,3020,1052,3285,3364
"694",3285,3851,2055,3020,1052,1028,3364
"695",3285,3853,2055,3020,3151,3191,3364
"696",1026,3853,2055,3285,3020,0,3364
"697",3151,3853,3165,3285,0,3020,3364
"698",3174,3851,0,0,1001,0,3340
"699",3020,3853,3151,1026,3285,0,3364
"700",3151,3853,2055,0,3020,3285,3364
"701",3285,3853,2055,3020,1052,0,3364
"702",3285,3853,3136,3020,1026,0,3364
"703",3285,3851,2055,3020,0,0,3364
"704",3151,3853,1058,3020,3165,3285,3364
"705",3285,3853,0,3151,3020,3916,3364
"706",3285,3853,0,1026,3020,3151,3364
"707",0,3853,3151,3285,3020,1058,3364
"708",3285,3853,2055,3020,3151,1026,3364
"709",2055,3853,3165,3020,3151,3285,3364
"710",3165,3853,1026,3285,3020,3136,3364
"711",3165,3853,2055,3285,3020,1026,3364
"712",3285,3853,3151,3020,3165,1058,3364
"713",3285,3853,0,3020,1026,1052,3364
"714",3905,3853,1058,3165,3020,3151,3364
"715",3174,3860,3165,3158,0,3151,3364
"716",3174,3851,2055,3020,1026,0,3364
"717",3174,3853,2055,3504,0,3158,3364
"718",3174,3853,3151,3020,3390,0,3364
"719",3158,3853,0,3174,3504,3191,3364
"720",3174,3851,1052,1001,0,0,3364
"721",3174,3853,1052,3020,3165,1026,3364
"722",3107,3853,3905,3158,1058,3174,3364
"723",2055,3853,3107,3158,3174,3165,3364
"724",3174,3851,0,1028,1001,3114,3364
"725",3174,3853,2055,3158,3504,3041,3364
"726",3107,3853,1058,3158,3504,3174,3364
"727",3107,3853,0,3158,3174,3113,3364
"728",3107,3853,2055,3174,3020,3108,3364
"729",3107,3853,2055,3174,3158,3113,3364
"730",3174,3851,3114,1001,1052,2055,3364
"731",3174,3853,1026,3165,3020,3802,3364
"732",3174,3853,3157,3047,3114,2055,3364
"733",3916,3853,2055,3905,3020,3174,3364
"734",3174,3853,0,3165,3020,3114,3364
"735",3174,3853,2055,3165,0,3020,3364
"736",3174,3853,0,3020,3285,3916,3364
"737",3851,3174,2055,1001,1028,0,3364
"738",3853,2055,3222,3108,3009,3028,3364
"739",3853,2055,3107,3504,3174,3047,3364
"740",3853,0,3107,3111,3504,3174,3364
"741",3853,0,3009,3801,3174,1004,3364
"742",3851,3028,0,1001,3108,0,3364
"743",3851,3117,3113,0,0,0,3364
"744",0,3853,0,3504,3174,3009,3364
"745",3853,3174,0,3009,3114,3801,3364
"746",1082,3028,2033,3285,1001,0,3363
"747",2055,3853,3107,3174,3504,3047,3364
"748",3853,3041,3107,3504,3009,3174,3364
"749",3853,2055,2420,3009,3504,3174,3364
"750",3853,3009,0,3174,3504,3801,3364
"751",3853,0,3504,3174,3801,3009,3364
"752",3853,2055,3107,3009,3174,3801,3364
"753",3853,3174,3222,3009,0,0,3364
"754",3851,3009,3107,0,3174,0,3364
"755",3174,0,3853,3504,3801,3009,3364
"756",3853,3174,3020,3041,0,0,3364
"757",3851,3174,2055,3801,3009,1004,3364
"758",3853,3107,2420,3009,3174,3504,3364
"759",3174,3853,2065,3801,3009,0,3364
"760",3174,3107,2055,3853,3113,3047,3364
"761",3853,1082,3174,3158,3504,1004,3364
"762",3853,3174,3158,3504,3114,2055,3364
"763",3851,3158,3174,3504,1082,0,3364
"764",3174,3504,3853,3158,3114,2055,3364
"765",3853,3174,3158,3504,1004,2055,3364
"766",3174,3158,3853,0,3114,3113,3364
"767",3853,1082,3174,3158,3504,3114,3364
"768",3853,3174,3107,3158,3504,1082,3364
"769",3851,3174,3158,3114,3113,0,3364
"770",3853,3174,3158,3504,3114,2055,3364
"771",3853,3504,3158,3174,1004,1004,3364
"772",3853,3174,3158,3504,1004,2031,3364
"773",3853,2065,3107,3504,3174,3158,3364
"774",3853,3158,3504,3174,1082,3114,3364
"775",3851,3174,3158,1004,2055,1004,3364
"776",3853,3174,3107,3504,3158,3041,3364
"777",3853,3174,3504,3158,1004,0,3364
"778",3851,3174,3158,0,0,2003,3364
"779",3851,3174,0,1001,3504,0,3364
"780",3158,3174,3853,3504,3041,3089,3364
"781",3853,3158,3174,2031,3504,1082,3364
"782",3853,3174,3158,3504,1082,3114,3364
"783",3853,3504,3174,3158,1004,0,3364
"784",3853,3158,3174,3504,0,0,3364
"785",3853,3158,3174,3504,3114,3041,3364
"786",3853,3174,3158,3504,3041,0,3364
"787",3853,3174,3158,3504,3041,3089,3364
"788",3504,3174,3853,3158,2055,0,3364
"789",3851,2003,1001,3028,3108,0,3340
"790",3504,3107,3853,3158,3174,1082,3364
"791",3174,3504,3853,3158,3107,0,3364
"792",3174,3107,3853,3158,3504,3114,3364
"793",3174,3158,3853,3114,1052,2031,3364
"794",3504,3158,3853,2031,3174,3107,3364
"795",3853,3174,3158,3504,0,0,3364
"796",3853,3107,2065,3504,3174,3158,3364
"797",3158,3107,3853,3504,3114,3174,3364
"798",3158,3174,3853,3504,2031,0,3364
"799",3504,3853,3107,3158,3174,3114,3364
"800",3853,3174,3107,3158,3504,3114,3364
"801",1056,3165,3020,3157,2055,3285,3363
"802",3853,3390,3102,3020,1058,1058,3364
"803",3853,3174,3222,3504,3158,3114,3364
"804",3916,3285,3020,3157,1026,0,3363
"805",1056,1052,3285,2421,3020,3191,3363
"806",1056,3285,3020,3165,0,1058,3363
"807",1056,3390,3020,3157,1058,3165,3363
"808",1056,3285,3020,3157,3165,0,3363
"809",3285,3165,3136,0,0,3158,3340
"810",3285,3165,3157,2031,0,3020,3340
"811",3285,1028,2031,1056,0,3020,3340
"812",3165,3285,3157,0,0,3158,3340
"813",3853,3285,3157,3041,3020,3174,3364
"814",3285,3165,3157,0,0,3158,3363
"815",3157,3089,3165,3285,3020,1052,2052
"816",3853,3285,3158,1052,1028,0,3364
"817",1056,3285,1026,1028,1052,3158,3340
"818",3853,3285,3165,3089,3191,3158,3364
"819",3089,3165,3157,3285,0,3158,3340
"820",1056,3285,1028,2031,1052,3020,3340
"821",3285,3020,3165,2003,3073,0,2052
"822",3853,3285,3020,3165,1026,3108,3364
"823",3853,3157,3165,3158,3102,3285,3364
"824",3853,3285,3157,3165,0,3020,3340
"825",3851,3285,2031,3020,1026,1052,3364
"826",3107,3504,3860,3158,3174,0,3364
"827",3853,3174,3158,2031,3114,1006,3364
"828",3107,3860,3158,3504,1058,3174,3364
"829",3859,2031,2055,3174,0,2422,3364
"830",3107,3860,3174,3158,3113,3114,3364
"831",3107,3165,1058,3158,3174,3504,2052
"832",3860,3107,2031,3174,3158,2055,3364
"833",3853,3107,3174,3158,3504,2055,3364
"834",3860,3174,2031,3801,3158,3114,3364
"835",3107,3860,2031,3174,3158,1082,3364
"836",3107,3860,3114,3158,3041,3174,3364
"837",2031,3859,2055,3174,2422,0,3364
"838",2031,3174,3158,3850,1004,1004,3364
"839",2055,3174,3859,3158,2031,3114,3364
"840",3107,3860,3174,3158,3113,1004,3364
"841",3859,2031,0,3174,3114,3158,3364
"842",3853,3801,3174,3158,2055,3114,3364
"843",3853,3107,2031,3158,3174,0,3364
"844",3107,3853,2031,3158,3174,3114,3364
"845",3107,3853,3158,3174,3041,3114,3340
"846",3107,3853,3158,3174,3041,1052,3364
"847",2031,3174,2422,0,1056,0,3340
"848",2065,0,3853,3117,3174,0,3364
"849",3020,3165,3285,1082,3102,1052,3363
"850",3222,2065,3853,3174,3158,2055,3364
"851",3107,0,3853,3009,1052,3174,3364
"852",3174,3107,3853,1082,3158,3504,3364
"853",3860,3905,0,3174,3009,1052,3364
"854",3851,1026,0,1082,3020,3802,3364
"855",3108,3285,0,1082,3916,3020,3340
"856",1056,3285,1058,3041,3916,3020,3363
"857",3853,3041,3157,3020,2055,3916,3364
"858",3853,3916,3108,1082,3020,3285,3364
"859",1056,3802,1026,1082,3020,2031,3340
"860",3851,3020,3802,0,2031,1026,3364
"861",3089,3285,3020,3165,2031,1026,3340
"862",1058,3916,3285,3020,0,1058,3340
"863",3853,3113,3285,3165,3020,0,3364
"864",3089,3285,3135,3020,3916,2055,3340
"865",1056,3285,3020,3089,3916,2003,3340
"866",3157,3089,3020,3285,3041,1026,3340
"867",3157,3285,3020,3916,1058,3041,3340
"868",1056,3285,3916,3020,2031,0,3340
"869",3089,3020,3285,2055,3916,0,3340
"870",1058,3285,3020,3916,1082,1058,3340
"871",2420,3285,3020,3089,3916,1052,3340
"872",3089,3285,3041,3020,2031,0,3340
"873",3089,3285,3020,3041,3165,3135,3340
"874",2421,3285,3020,3165,3135,3089,3340
"875",1056,3285,1058,3020,0,1058,3340
"876",3041,3285,3020,2031,2055,1058,3340
"877",3285,3916,1082,2031,3020,0,3340
"878",2420,3041,3285,3165,3020,3089,3340
"879",3916,3285,3020,3041,3089,1052,3340
"880",3916,3020,3285,1082,3089,0,3340
"881",1058,3285,3041,3916,3020,1058,3340
"882",3853,3285,3020,1052,1082,2055,3364
"883",3850,2003,0,0,0,0,3340
"884",3089,3285,3165,3020,1026,0,3340
"885",3853,3285,3020,2055,2031,0,3364
"886",1056,2003,0,0,0,0,3340
"887",1056,3285,3020,1058,1058,1082,3340
"888",3157,1056,3285,2031,3020,1058,3340
"889",3020,3157,3285,2031,3089,0,3340
"890",3285,3165,3020,3089,0,2031,3340
"891",3853,3285,1082,3020,0,1052,3364
"892",3853,3285,3089,3020,2055,2003,3364
"893",2421,3853,3020,3285,3108,1029,3364
"894",2421,3285,3020,3916,3853,0,3364
"895",2421,3851,3020,1082,2031,3802,3340
"896",3853,3285,3020,3916,1058,1058,3364
"897",3041,3285,3020,3089,3135,0,3340
"898",1056,3851,3020,3285,0,2031,3364
"899",3853,3020,3285,3916,0,0,3340
"900",1056,3853,3020,3285,2055,1052,3364
"901",1056,3020,3285,1058,3916,0,3340
"902",1056,3285,3089,3020,1052,1028,3340
"903",3157,1058,3285,3020,1082,0,3340
"904",3157,1056,3285,0,0,3020,3340
"905",1056,3802,3020,3191,3108,0,3340
"906",1056,3191,3020,3285,1052,0,3340
"907",1058,3285,0,3020,2031,3916,3340
"908",1056,3285,3020,1082,1028,1052,3340
"909",3853,3916,3285,3041,3020,0,3364
"910",1056,2003,0,0,0,0,3340
"911",3089,3285,3041,3020,1058,3916,3364
"912",3089,3285,3020,3041,0,0,3340
"913",3916,3285,3041,3020,3089,2055,3340
"914",1058,3285,0,3020,3916,3135,3340
"915",1058,3285,3916,2055,1058,3020,3340
"916",2031,3157,3285,3020,3041,0,3340
"917",3089,2003,3285,3020,3916,2055,3340
"918",3165,3285,3157,3020,3089,0,3340
"919",3089,3285,3020,0,0,2031,3340
"920",1056,3285,1082,1058,3020,0,3340
"921",3089,3285,3020,3041,3916,0,3340
"922",1058,3020,3285,1058,3041,1052,3340
"923",3851,3285,3916,2031,3020,0,3364
"924",2421,3853,3174,3020,3504,3108,3364
"925",1056,3191,1082,3285,1058,3020,3340
"926",1058,3285,1082,3020,3916,1058,3340
"927",1058,3041,3285,1058,3020,3916,3340
"928",1056,3285,1082,3020,2031,3916,3340
"929",1056,3285,3020,1082,3089,0,3340
"930",3089,3285,1082,3916,0,3020,3340
"931",3157,3020,3285,1082,3916,1058,3340
"932",3089,3285,0,2031,0,3020,3340
"933",3041,3285,1058,3020,0,0,3340
"934",3853,3285,1058,3916,1082,3020,3364
"935",3157,3285,3089,3020,2055,1082,3340
"936",3157,3853,3020,0,3174,0,3364
"937",3020,3165,3102,1026,3285,1052,3363
"938",3020,3102,3165,3285,0,0,3363
"939",3020,3108,3285,3165,1033,1026,3363
"940",3020,3157,1056,3285,3165,1058,3363
"941",3020,3165,3108,1056,3285,0,3363
"942",3020,3135,3165,3285,3089,0,3363
"943",3020,3853,3174,3504,1082,0,3364
"944",2422,3851,0,3174,1026,3802,3364
"945",3020,1056,3102,3165,3285,0,3340
"946",3020,3165,3285,1056,0,0,3340
"947",3020,3157,3853,3165,3285,1052,3364
"948",3020,3157,3285,1056,2055,0,3363
"949",3020,3853,1026,3174,3504,1052,3364
"950",3020,3853,3114,3174,3285,3113,3364
"951",2422,3853,3174,3504,1052,0,3364
"952",2422,3853,3285,3174,0,0,3364
"953",3020,3853,3174,3285,1026,2055,3364
"954",3020,3135,3089,3285,3174,3165,3363
"955",3020,3165,3285,1026,3089,1052,3363
"956",3020,3165,3285,0,3135,1058,3340
"957",3020,3853,3285,1082,3165,1052,3364
"958",2422,3853,2055,1056,3165,3285,3364
"959",3020,3157,3285,3135,3165,0,3363
"960",1056,3285,2422,2055,0,0,3340
"961",3020,3853,3285,3916,3041,1026,3364
"962",3020,0,2031,1056,3135,3285,3363
"963",3020,3916,3089,1056,3102,3285,3363
"964",3020,3285,0,3102,1056,0,3340
"965",3020,3157,0,3285,1056,3165,3363
"966",3020,3157,2031,3285,1052,1056,3340
"967",1056,2031,3285,1033,3020,3108,3340
"968",3020,1052,2031,3285,1056,1026,3340
"969",3285,2031,3157,3020,1056,1058,3363
"970",3020,0,2031,1056,3102,3285,3340
"971",3285,2031,3108,1056,3020,3089,3340
"972",3020,2420,2031,3285,1056,3089,3363
"973",1052,2031,2421,1056,3020,3285,3340
"974",2031,1058,3157,3020,1056,3285,3340
"975",3285,3102,0,1056,3020,3089,3340
"976",3285,3089,3102,0,3020,1056,3340
"977",3157,3089,0,3285,1056,3020,3340
"978",1026,3157,2031,3285,3020,1056,3340
"979",3157,3285,2031,3111,1056,1058,3340
"980",3285,2055,2031,1001,0,1056,3340
"981",3285,3102,2031,1058,1056,3111,3364
"982",3174,3851,3113,3041,3158,0,3364
"983",2065,3853,3174,3504,3158,0,3364
"984",3009,3859,3174,0,0,0,3364
"985",3107,3853,3114,3158,3174,1082,3364
"986",3041,3853,3174,0,3504,3158,3364
"987",2055,3853,2031,3158,3041,3174,3364
"988",2055,3853,3158,3041,3174,3165,3364
"989",3158,3851,2055,1082,3108,1004,3364
"990",3174,3859,3009,3801,1004,1004,3364
"991",3158,3853,1082,3174,1052,3114,3364
"992",3030,3905,3020,1056,1058,0,3363
"993",2055,3853,3114,3009,3174,2031,3364
"994",3107,3853,1082,3174,3009,3114,3364
"995",0,3853,3174,3009,3801,3114,3364
"996",3117,3851,3174,1029,1029,0,3364
"997",3009,3853,3114,3174,3504,0,3364
"998",3107,3853,3174,1082,3504,3158,3364
"999",3107,3860,2065,3117,3174,2055,3364
"1000",3504,3860,3174,3009,3114,0,3364
"1001",3158,3851,3174,1082,0,0,3364
"1002",3030,3905,3020,1056,3135,0,3340
"1003",3009,3853,1082,3174,3801,1004,3364
"1004",3047,3853,3174,2031,1028,3114,3364
"1005",2055,3853,3174,2031,3504,3009,3364
"1006",3850,1001,2031,3028,1052,0,3364
"1007",3107,3860,1082,3174,3504,3009,3364
"1008",2055,3860,3114,3009,3174,3504,3364
"1009",3009,3860,3174,3504,0,0,3364
"1010",3107,3853,3504,3009,0,3174,3364
"1011",1001,3859,1082,2055,3028,3108,3364
"1012",3107,3860,3504,3174,1033,3117,3364
"1013",0,3859,3174,3009,1004,1004,3364
"1014",3117,3851,1082,1052,2031,1004,3364
"1015",3107,3860,3157,3009,0,3174,3364
"1016",3158,3860,3174,2031,3114,1028,3364
"1017",3117,3860,3174,3113,2055,3114,3364
"1018",2055,3859,3009,1082,3174,3113,3364
"1019",3107,3860,3174,3117,3113,0,3364
"1020",3107,3860,1082,3174,3009,0,3364
"1021",2421,3853,3905,3020,3285,1052,3364
"1022",0,3860,3504,3009,3174,3114,3364
"1023",3801,3860,3174,3504,3009,3114,3364
"1024",3009,3859,3174,3801,3114,0,3364
"1025",2423,3222,3853,3117,3174,3504,3364
"1026",1033,3285,3853,3009,3041,1004,3364
"1027",3020,3157,3853,3041,3285,1058,3364
"1028",1056,3285,1056,2055,3020,3916,3363
"1029",3157,3285,1052,1026,3165,3020,3363
"1030",1056,3285,3020,3916,2055,3136,3340
"1031",3285,3151,3020,3916,0,0,2052
"1032",3114,3801,3860,0,3174,3009,3364
"1033",3174,3504,3853,2055,3114,3009,3364
"1034",3174,2065,3860,3191,3108,3009,3364
"1035",3174,3113,3853,2055,1082,3158,3364
"1036",3174,3504,3853,2055,0,3009,3364
"1037",3114,3801,3860,0,3174,3009,3364
"1038",3028,3108,3851,2055,1082,3158,3364
"1039",3174,3157,3853,1058,1082,3009,3364
"1040",0,3030,2031,1056,1082,2422,3363
"1041",3285,2055,1058,1056,3020,3504,3340
"1042",3285,3020,3504,1056,3089,0,3363
"1043",3851,3174,2055,3047,3113,3114,3340
"1044",3157,3174,3020,1052,1026,3285,3363
"1045",3285,3020,3102,3041,3135,3165,3363
"1046",3151,3020,0,1082,1056,3285,3363
"1047",1026,3020,3285,3135,1056,3151,3363
"1048",3108,3285,3020,1056,3191,3102,3363
"1049",3135,3020,3390,0,1082,3151,3363
"1050",1058,3020,3151,1082,1058,3285,3363
"1051",2031,3285,0,1001,1056,0,3363
"1052",0,3020,1052,3285,1056,0,3363
"1053",1058,3020,1082,3165,3285,1056,3363
"1054",3151,1056,3020,3041,0,3285,3363
"1055",1026,1056,3041,3020,3916,3285,3363
"1056",3151,3285,3020,3135,1056,0,3363
"1057",2055,3285,1082,3020,1056,1052,3340
"1058",3102,3041,1056,3020,1026,3285,3363
"1059",2055,3151,3020,1056,0,3285,3363
"1060",2055,3285,1001,1056,0,0,3340
"1061",3089,3135,3285,1082,3916,3020,3363
"1062",1026,3285,3151,3020,1082,1056,3363
"1063",3108,3285,3089,1082,1026,3020,3363
"1064",3802,1026,3020,1082,1056,0,3340
"1065",1058,3020,3285,1082,1052,1056,3363
"1066",1056,0,0,0,0,0,3340
"1067",2003,1056,0,0,0,0,3340
"1068",1058,0,3020,1082,3135,3285,3363
"1069",0,3191,3020,3108,1056,3285,3363
"1070",1058,3020,3151,1082,1056,3285,3363
"1071",1056,3285,3157,3020,3151,1026,3340
"1072",3853,3174,3117,3041,3114,2031,3364
"1073",3851,2031,0,3174,3117,3114,3364
"1074",3853,3107,3117,3174,0,3504,3364
"1075",3853,3174,3041,3107,3117,0,3364
"1076",3853,1082,3117,3174,3107,3504,3364
"1077",3853,1082,3117,3114,3174,3801,3364
"1078",3853,3174,3117,3107,0,0,3364
"1079",3853,3174,2055,3107,3117,3114,3364
"1080",1033,3285,3020,3041,3157,3165,3340
"1081",3048,3222,3174,3504,3009,3089,2052
"1082",3853,1082,3020,2031,3165,0,3364
"1083",3065,3194,3285,3089,3135,3111,3363
"1084",3174,3107,3111,3194,3151,0,3340
"1085",3043,3078,3031,3095,1001,0,3340
"1086",1056,3020,3285,3165,1058,1058,3340
"1087",3135,3048,3194,3020,3089,3102,3340
"1088",3853,3157,3174,3047,3504,2055,3364
"1089",3853,3174,3117,3107,3504,3105,3364
"1090",1056,3285,3020,3102,3165,1058,3340
"1091",3853,3107,3117,3504,3174,3165,3364
"1092",3853,3222,3107,3047,3174,3504,3364
"1093",3850,2003,0,0,0,0,3340
"1094",3851,3174,1001,3801,1082,3114,3364
"1095",3853,3174,3107,3117,3041,3916,3364
"1096",3107,3853,3174,3158,3041,1029,3364
"1097",3285,3020,3151,1026,1052,0,2052
"1098",3285,3157,2055,1082,3089,3020,3363
"1099",1056,3041,0,3089,3285,3020,3363
"1100",3041,1056,1028,3285,3089,3020,3363
"1101",2055,3025,3860,3107,3174,3009,3364
"1102",1026,3157,3504,3174,3041,3020,3363
"1103",3089,3157,3041,3285,3165,3020,3363
"1104",3859,3174,3114,3107,0,3009,3364
"1105",3135,3020,3165,3089,1058,3285,2052
"1106",2055,3174,3860,3009,3114,3113,3364
"1107",1056,3020,2055,3285,0,0,3363
"1108",3157,3165,3020,3089,3135,3285,2052
"1109",3107,3048,3504,3174,3089,1026,2052
"1110",3157,1058,3020,3285,3165,1056,3340
"1111",2055,3174,3859,1004,1004,3117,3364
"1112",2055,3107,3860,3174,3082,3117,3364
"1113",2055,3107,3860,3504,3174,3117,3364
"1114",1056,1052,0,3108,3285,3020,3340
"1115",1056,3285,3020,3089,0,0,3340
"1116",3157,1052,1056,3020,3285,1026,3340
"1117",2055,3114,3860,3174,3504,3047,3364
"1118",2055,3504,3860,3174,3111,1004,3364
"1119",3157,3853,3041,3020,3285,0,3364
"1120",3157,1058,3041,3285,0,3020,3340
"1121",3157,0,3285,3041,3020,1058,3364
"1122",3157,3853,3285,3041,0,3020,3364
"1123",2424,2031,3285,3020,3041,3191,3340
"1124",2424,1058,3285,3108,3020,3041,3340
"1125",3157,3853,3285,3041,3020,1058,3364
"1126",2424,3853,3285,3108,3020,2055,3364
"1127",3157,0,3020,3285,0,3041,3340
"1128",3157,1058,3020,3285,3041,0,3340
"1129",3157,3089,3041,3285,3020,0,3340
"1130",3157,1058,3020,3285,1058,3041,3340
"1131",3157,1058,1058,3020,3041,3285,3340
"1132",2423,2031,1058,3285,3041,3020,3340
"1133",2424,2031,3285,3020,1082,1052,3340
"1134",3157,3089,3285,3102,3020,3041,3340
"1135",3386,3089,3041,3020,3285,1026,3340
"1136",3157,0,3285,3020,3041,3089,3340
"1137",2424,1058,3285,3020,3108,3041,3340
"1138",3853,3174,2055,3504,3009,3028,3364
"1139",3853,3102,3107,3174,1082,3111,3364
"1140",3020,3089,3853,3165,3174,3041,3364
"1141",3285,3851,2055,3020,1052,3041,3364
"1142",3851,3285,2055,1001,1082,0,3364
"1143",3285,3853,0,3020,1082,0,3364
"1144",3853,3285,0,1082,3020,0,3364
"1145",3853,3020,3165,3285,1082,2055,3364
"1146",3853,3165,2055,3020,1082,3285,3364
"1147",2055,3853,3157,3020,3041,3285,3364
"1148",3285,3853,1058,3020,3165,1058,3364
"1149",3853,2055,3041,3285,3135,3020,3364
"1150",3853,3165,3030,1082,3020,0,3364
"1151",3853,2055,3020,1082,3285,0,3364
"1152",3853,3165,0,3285,0,3020,3364
"1153",3041,3135,3853,3285,3020,1052,3364
"1154",3853,3285,2424,1082,3191,3020,3364
"1155",1052,3285,3853,1082,3020,0,3364
"1156",3853,3020,3285,3916,2055,0,3364
"1157",3851,1026,0,1001,1082,3802,3364
"1158",3853,3020,3165,1082,3285,2420,3364
"1159",3285,3853,3916,3020,1082,0,3364
"1160",3041,3916,3853,2055,3020,3285,3364
"1161",3020,3853,2420,1082,3165,3285,3364
"1162",3020,3853,2031,1082,3285,1052,3364
"1163",3020,3853,3157,3165,3041,3390,3364
"1164",1082,3285,3853,1052,3020,1028,3364
"1165",3853,3285,0,3020,1082,0,3364
"1166",3802,3851,2010,1001,1082,1026,3364
"1167",3853,2031,2421,1052,3020,3285,3364
"1168",3853,3285,2055,3020,1082,1026,3364
"1169",3165,3853,2420,3285,3020,1026,3364
"1170",3853,3916,1082,3020,3285,0,3364
"1171",3020,2055,3853,1082,3165,3285,3364
"1172",3285,2055,3853,3020,1082,0,3364
"1173",3853,3165,0,3020,3285,0,3364
"1174",3020,3165,3853,3285,0,0,3364
"1175",3165,2055,3853,3020,3285,3041,3364
"1176",3285,3853,1082,3020,1052,1026,3364
"1177",3853,3285,3020,2055,1052,0,3364
"1178",3853,3285,3020,1026,1052,0,3364
"1179",1082,3853,2421,3020,3165,3285,3364
"1180",3851,3285,1001,0,0,0,3364
"1181",3285,3853,0,3020,1082,1028,3364
"1182",3859,3174,1052,1029,3047,0,3364
"1183",3853,3089,3285,3020,0,0,3364
"1184",3853,1033,3158,3108,1026,3285,3364
"1185",3853,3157,3020,2055,3285,0,3364
"1186",3030,3853,3905,0,3089,3020,3364
"1187",3853,3285,3089,2055,3020,0,3364
"1188",3851,3504,3020,0,0,0,3340
"1189",3853,1058,1058,3020,3285,3504,3364
"1190",3853,0,2031,3020,3285,0,3364
"1191",3851,3174,2055,1001,0,0,3364
"1192",3853,3504,3047,3174,1052,0,3364
"1193",3853,3285,3020,1052,0,0,3364
"1194",3851,3802,1052,0,1001,0,3364
"1195",3850,1029,1004,1004,2055,0,3340
"1196",3853,2055,1058,3158,1082,3285,3364
"1197",3850,3047,0,3028,0,0,3364
"1198",3853,3285,3114,3158,2055,0,3364
"1199",3851,3285,3047,2055,0,0,3364
"1200",3853,3157,0,3020,3285,3089,3364
"1201",3853,3285,1058,3020,1058,0,3364
"1202",3851,3174,3047,1004,1004,1028,3364
"1203",3853,3113,3174,3114,3158,0,3364
"1204",3853,3174,3191,3047,3504,0,3364
"1205",3853,3114,3158,3174,2055,1052,3364
"1206",3853,3158,3174,2055,0,3504,3364
"1207",3850,2003,0,0,0,0,3340
"1208",3853,3107,3504,3158,3174,3191,3364
"1209",3853,3107,3158,3174,3504,3135,3364
"1210",3850,3028,2422,0,0,0,3340
"1211",3853,3158,3504,3174,0,0,3364
"1212",3853,3030,3905,3047,2055,0,3364
"1213",3853,3107,3916,3174,3504,3158,3364
"1214",3851,3028,3114,3158,3113,0,3364
"1215",3853,3107,0,3504,3174,3047,3364
"1216",3860,0,0,3158,3504,3174,3364
"1217",3853,3504,3047,3174,0,3114,3364
"1218",3030,3905,3111,3102,3089,0,3363
"1219",3853,3107,3158,3504,0,3174,3364
"1220",1058,3285,3020,1058,0,0,3363
"1221",3853,3107,3158,3174,3504,0,3364
"1222",3853,3107,3158,3174,3916,3504,3364
"1223",3853,3107,3905,3111,3174,3504,3364
"1224",3853,3174,3504,3047,3802,2055,3364
"1225",3853,0,3047,3174,1052,3504,3364
"1226",3853,3174,3047,3114,3113,0,3364
"1227",3851,3174,2055,3114,0,1001,3364
"1228",3851,3504,1004,3047,0,0,3364
"1229",3853,0,3285,3047,3174,3504,3364
"1230",3853,0,3047,3504,0,3174,3364
"1231",3853,0,3174,3504,3191,3020,3364
"1232",3157,3285,2055,3853,3020,0,3364
"1233",3174,3158,3504,3860,0,2055,3363
"1234",2421,1001,3174,3860,3108,3504,3363
"1235",3114,3174,1001,3859,3113,0,3364
"1236",3020,0,3285,3851,1052,0,3363
"1237",3174,3020,2031,3851,2055,0,3364
"1238",3111,3174,3107,3853,3114,1052,3363
"1239",3222,3174,3020,3853,0,2055,3363
"1240",3174,2031,3020,3851,2055,3114,3364
"1241",1001,3174,3107,3853,3504,0,3364
"1242",3108,1001,2031,3859,3028,0,3364
"1243",3020,3285,3174,3853,2055,1026,3364
"1244",3285,3020,3174,3853,2055,0,3364
"1245",3157,3020,0,3853,0,3285,3364
"1246",3102,3020,3174,3860,0,3114,3363
"1247",3222,3020,3174,3853,3504,2055,3364
"1248",3285,3028,3009,3853,1052,2055,3364
"1249",3285,3020,1058,3853,2055,1058,3364
"1250",3285,3020,3108,3853,3028,0,3364
"1251",3285,1001,3174,3853,2055,0,3363
"1252",3102,1001,3174,3853,0,0,3364
"1253",2421,3285,1001,3853,3108,2055,3364
"1254",3285,3020,0,3859,1052,0,3364
"1255",3285,3174,3020,3853,2055,0,3364
"1256",3285,1026,3020,3859,1052,2055,3364
"1257",3020,3028,3285,3853,1052,0,3364
"1258",3157,3102,3020,3853,2055,3114,3364
"1259",3285,3020,3504,3853,2055,1058,3364
"1260",3174,3020,3504,3853,0,0,3364
"1261",3020,2055,3285,3860,3113,0,3364
"1262",3285,3174,3020,3851,0,0,3364
"1263",3285,3020,0,3860,3113,3114,3364
"1264",3285,3020,1052,3853,2055,0,3364
"1265",3020,3285,2055,3853,3113,1004,3364
"1266",3853,3174,3020,3504,3916,0,3364
"1267",1056,3285,2420,3165,3020,1058,3363
"1268",3853,3285,2424,3020,1082,2055,3364
"1269",1056,3020,3157,3285,2055,1082,3363
"1270",3089,3285,3157,3020,3041,1052,3363
"1271",1056,3285,3020,1082,3165,0,3363
"1272",3860,3174,3041,3504,3020,3165,3364
"1273",1058,3285,3020,1082,1033,3165,3363
"1274",1082,3285,3157,3020,1056,3916,3363
"1275",3165,3285,2420,1058,3020,3041,3363
"1276",3853,3174,1082,3020,3165,1058,3364
"1277",1056,3285,3020,3165,1082,3108,3363
"1278",1056,3285,3020,1052,1082,1028,3363
"1279",1056,3191,2424,3020,1082,3108,3340
"1280",1056,3285,1033,3111,3108,0,3363
"1281",3041,3285,2421,3108,3165,3020,3363
"1282",3135,3285,3157,3165,3089,3020,3363
"1283",1056,3285,3157,3020,3165,1058,3363
"1284",1056,3285,3020,3916,1026,0,3363
"1285",1056,3285,3020,1052,1028,0,3340
"1286",3135,3285,3020,3165,3089,0,3363
"1287",1056,3285,3191,3020,3108,0,3363
"1288",3165,3285,3020,3100,1058,0,3363
"1289",3020,3285,3157,3089,3135,3165,3363
"1290",1056,3285,3157,3020,3165,0,3364
"1291",1056,3020,3040,3916,2003,1058,3340
"1292",1056,3285,3020,3165,0,0,3363
"1293",1056,3285,3165,3020,1058,1058,3363
"1294",3089,3285,3108,3020,3165,1052,3363
"1295",3285,3165,3089,1026,1052,3020,3363
"1296",1056,3285,3020,3916,2003,2055,3363
"1297",1026,3089,3020,3285,3165,1052,3363
"1298",3089,3157,0,3916,3285,3020,3363
"1299",1056,3285,3020,3165,3089,3135,3364
"1300",3853,3285,3504,3009,0,0,3364
"1301",3853,3285,0,3117,3191,3108,3364
"1302",3853,3174,3114,1052,0,1001,3364
"1303",3853,3504,3020,1004,1004,3174,3364
"1304",0,2003,3850,0,0,0,3340
"1305",3853,3174,0,3504,3020,3114,3364
"1306",3853,3174,3504,3020,3114,1028,3364
"1307",3853,3174,3107,3020,3504,0,3364
"1308",3853,3174,0,3504,3020,3114,3364
"1309",3853,2421,3020,3108,3174,3504,3364
"1310",1056,3285,0,0,3020,0,3340
"1311",3285,3157,3089,3165,3020,2420,3340
"1312",3853,3802,2055,3020,3165,0,3364
"1313",3853,3285,0,1001,1052,0,3364
"1314",3853,3916,0,3285,3020,1026,3364
"1315",3853,3285,0,3020,3916,0,3364
"1316",3285,3157,1026,3020,3165,3089,3340
"1317",3285,3020,0,3916,1056,1026,3340
"1318",3285,3020,3916,0,0,1056,3340
"1319",1056,2421,3916,3020,3285,3108,3340
"1320",1056,3285,2055,3916,3020,0,3340
"1321",3853,2031,1028,3285,3020,1052,3364
"1322",3285,1028,1052,3020,1056,1026,3340
"1323",3285,3157,2420,3165,3020,1056,3340
"1324",3853,3802,1026,1001,3165,0,3364
"1325",3285,3157,1052,3020,1056,3165,3340
"1326",3108,3157,3285,3165,3020,1033,3340
"1327",3102,1058,0,3285,3165,3020,3340
"1328",1056,2031,2055,3285,3916,3020,3340
"1329",3285,2420,3165,1056,0,3020,3340
"1330",3853,3157,0,3020,3165,3285,3364
"1331",3285,3020,3191,3165,1056,1052,3364
"1332",3157,1058,1056,3285,3165,3020,3340
"1333",3285,3020,1052,1056,3165,0,3340
"1334",3285,3020,3165,1056,3191,1052,3340
"1335",3285,3157,3165,1026,3020,0,3340
"1336",3285,3157,1058,3020,0,3165,3340
"1337",1056,3285,1058,3020,3165,1058,3340
"1338",3285,3157,1058,3020,1056,3165,3340
"1339",3285,3020,0,1056,3191,3108,3340
"1340",3285,3165,1052,3020,3089,0,3364
"1341",3853,1082,3165,3020,3285,1052,3364
"1342",1001,3191,3285,1052,1056,0,3363
"1343",3853,3285,0,3916,3020,0,3364
"1344",3853,2420,0,3020,3285,3165,3364
"1345",3853,3190,0,1028,3504,3174,3364
"1346",2031,3157,3285,1056,0,1001,3340
"1347",3851,3108,3028,0,2003,0,3340
"1348",3853,3107,3174,3158,3504,1082,3364
"1349",3853,3107,3158,3504,3174,3191,3364
"1350",3853,3174,3158,1082,3504,2055,3364
"1351",3853,3041,3174,3020,3504,3165,3364
"1352",3853,3174,3041,3020,3504,2055,3364
"1353",3853,1082,3285,3020,1028,0,3364
"1354",3157,3020,3089,3102,3157,3285,3363
"1355",3853,3107,3905,3174,3111,1052,3364
"1356",3853,3174,3504,3158,3801,3114,3364
"1357",3853,3174,3158,3504,1082,3067,3364
"1358",3285,3089,3151,3020,1026,1052,3340
"1359",3853,3174,3504,3158,3801,3114,3364
"1360",3853,3174,3158,3504,1052,2055,3364
"1361",3851,3174,3113,1001,0,1004,3364
"1362",3853,3174,3020,3504,0,0,3364
"1363",3853,3174,3158,1082,3113,3114,3364
"1364",3853,3041,3174,3158,3504,3165,3364
"1365",3851,3174,2003,0,0,0,3340
"1366",3853,3174,3020,3165,2055,1004,3364
"1367",3860,3174,3041,3020,3504,0,3364
"1368",3853,3174,3111,3504,3801,0,3364
"1369",3860,3174,3158,3504,3041,1058,3364
"1370",3860,3107,3020,3174,3504,1058,3364
"1371",3174,3157,3853,3047,0,2055,3364
"1372",3047,3157,3853,2055,1052,1028,3364
"1373",1004,3157,3860,3047,3108,1004,3364
"1374",2003,3157,3851,2420,1001,0,3364
"1375",2003,3157,3853,1058,3047,1052,3364
"1376",3222,3157,3853,3174,3020,0,3364
"1377",3174,3157,3853,1052,0,3047,3364
"1378",3020,3157,3853,3028,0,3108,3364
"1379",3047,3157,3853,3174,3113,1004,3364
"1380",2003,3157,3853,3028,3047,3108,3364
"1381",3111,3157,3853,2031,3108,1004,3364
"1382",3047,3157,3851,1029,2031,1029,3364
"1383",3020,2421,3089,1052,0,0,3364
"1384",3285,3157,1033,0,0,0,2052
"1385",3285,2424,3853,3020,3191,3108,3364
"1386",3114,3157,3853,2055,3113,3158,3364
"1387",3907,3117,3853,1004,1058,0,3364
"1388",2003,3157,3851,3117,0,0,3364
"1389",3174,3157,3860,3114,3076,3047,3364
"1390",3040,3157,3111,3027,2031,0,3340
"1391",3174,3157,3860,3158,3114,1052,3364
"1392",3158,3157,3851,3114,2055,0,3364
"1393",3111,3157,3853,3174,3114,1052,3364
"1394",3111,3157,3853,3174,0,0,3364
"1395",3174,3157,3853,3114,3801,3111,3364
"1396",2055,3157,3851,1004,1001,0,3364
"1397",0,3157,3851,0,0,1001,3364
"1398",3020,3157,3853,1026,0,0,3364
"1399",3222,3157,3853,3111,3108,1004,3364
"1400",3285,2424,3853,3047,3108,1028,3364
"1401",3504,3157,3027,3111,3174,1052,3364
"1402",3111,3157,3853,3028,3108,2031,3364
"1403",3047,3157,3853,3174,1004,1004,3364
"1404",3089,3157,3853,3802,3047,3174,3364
"1405",3111,3157,3860,3174,3114,1052,3364
"1406",3285,3029,3111,3165,3108,1033,2052
"1407",3174,2424,3853,3108,3111,3191,3364
"1408",3047,3157,3853,3802,1026,0,3364
"1409",1027,3157,3853,2031,3020,1058,3364
"1410",2003,2423,3859,3108,1001,3191,3364
"1411",3853,3174,3107,3504,0,3158,3364
"1412",3853,3174,3107,3504,3158,1058,3364
"1413",3158,3174,3107,3504,3853,1058,3364
"1414",3853,3174,3158,3504,3107,3916,3364
"1415",3174,3853,3158,3504,3107,3165,3364
"1416",3158,3107,2065,3860,1052,3174,3364
"1417",3158,3174,0,3860,3113,3114,3364
"1418",3158,1026,1052,3853,1028,3174,3364
"1419",3158,3107,0,3859,0,3174,3364
"1420",3020,3107,2065,3860,2055,3174,3364
"1421",3158,3174,2055,3859,3114,0,3364
"1422",3047,3174,0,3860,3801,3504,3364
"1423",3158,3504,3174,3859,3114,0,3364
"1424",3158,3174,2055,3860,0,3504,3364
"1425",3158,2065,3107,3860,3108,3174,3363
"1426",3158,3174,2055,3860,1052,3114,3364
"1427",3158,3107,0,3853,3174,3105,3364
"1428",3158,3174,0,3859,3801,3114,3364
"1429",3117,3174,2055,3860,3028,3114,3363
"1430",0,3504,3174,3859,0,0,3364
"1431",3158,3174,2055,3859,1004,1004,3364
"1432",3117,3174,0,3860,3113,3114,3364
"1433",3158,3157,3107,3860,3174,3504,3364
"1434",3158,3174,2055,3859,1004,1004,3364
"1435",3158,2065,3107,3860,1082,3174,3364
"1436",3117,3107,0,3860,3114,3174,3364
"1437",3117,3157,0,3860,0,3174,3363
"1438",3158,3190,0,3860,3174,3504,3363
"1439",3158,3107,0,3860,1029,3174,3364
"1440",0,2419,0,3858,0,0,3340
"1441",3158,2424,0,3860,3174,3504,3364
"1442",3158,3174,3114,3859,2055,3113,3363
"1443",1001,3174,2055,3859,2031,0,3364
"1444",3158,3174,0,3859,0,1052,3364
"1445",3158,3174,0,3860,3504,3801,3364
"1446",3158,3107,3105,3860,3157,3174,3364
"1447",3111,0,2055,3860,3504,3174,3364
"1448",3047,3174,3114,3860,0,3285,3363
"1449",3158,3504,1004,3859,1004,1082,3364
"1450",3117,3504,0,3851,1004,1004,3363
"1451",3117,3113,2055,3851,0,3114,3364
"1452",3117,3174,0,3853,1033,3504,3363
"1453",3117,3504,0,3860,1004,3108,3364
"1454",3158,3174,2055,3860,3114,3113,3364
"1455",3158,3504,2055,3859,1004,3108,3364
"1456",3158,3174,3113,3859,3114,0,3364
"1457",3158,3504,2055,3860,3108,3174,3364
"1458",3111,3504,2055,3860,1033,1033,3364
"1459",3158,3174,2055,3860,3136,3504,3364
"1460",3158,3504,0,3859,2031,1082,3364
"1461",3158,3174,0,3860,0,3504,3364
"1462",3107,3853,2031,2055,3158,3151,3364
"1463",3107,3853,3114,0,3504,3009,3364
"1464",3107,3853,2031,2055,3009,2065,3364
"1465",3107,3853,1011,2055,3158,3157,3364
"1466",1082,2031,3851,3020,3174,0,3364
"1467",3158,3174,3853,2055,3504,0,3364
"1468",3158,3504,3860,0,1082,3174,3364
"1469",3158,3504,3860,0,1082,3174,3364
"1470",3174,1058,3853,3504,3105,3158,3364
"1471",3174,3089,3853,3504,3111,3041,3364
"1472",3158,3174,3853,1058,3504,1082,3364
"1473",3111,2031,3853,3504,3174,3114,3364
"1474",3174,3504,3853,3111,1082,1058,3364
"1475",3504,3174,3041,3853,2055,3158,3364
"1476",1082,3020,3285,3853,3916,3089,3364
"1477",1026,3802,1082,3851,0,3020,3364
"1478",2031,3157,1082,3853,0,3020,3364
"1479",3174,3020,3504,3853,0,1026,3364
"1480",3158,1082,3174,3851,0,1052,3364
"1481",3504,3174,3158,3853,2055,3114,3364
"1482",3158,3174,3113,3851,3114,0,3364
"1483",3504,3174,3158,3853,2055,3114,3364
"1484",3107,2065,3158,3853,3174,3504,3364
"1485",3158,1082,3174,3853,0,3504,3364
"1486",3222,3158,3504,3853,2055,3174,3364
"1487",2031,3174,3158,3851,2055,3114,3364
"1488",3158,3174,3504,3853,2055,3114,3364
"1489",3158,3174,3504,3851,2055,0,3364
"1490",2031,3174,0,3851,0,3158,3364
"1491",3107,3174,3504,3853,2055,3158,3364
"1492",3107,3174,3158,3853,2055,3504,3364
"1493",3504,3174,3158,3853,2055,3114,3364
"1494",3504,3174,3158,3853,2055,3114,3364
"1495",3504,3174,1082,3853,0,3158,3364
"1496",3158,3174,1082,3853,2055,3113,3364
"1497",3158,3174,1082,3853,3114,3113,3364
"1498",3504,3174,3041,3853,2055,3158,3364
"1499",3158,3174,3905,3853,2055,0,3364
"1500",3158,3107,3174,3853,0,3504,3364
"1501",3504,1082,3174,3853,2055,3158,3364
"1502",3504,3041,3174,3853,2055,3158,3364
"1503",3158,3504,3174,3853,2055,3114,3364
"1504",3113,1082,3174,3853,0,3158,3364
"1505",3504,3174,3158,3853,0,0,3364
"1506",3107,3174,3158,3853,3504,3041,3364
"1507",3158,3174,1082,3853,3504,3114,3364
"1508",3504,3174,3041,3853,0,3158,3364
"1509",2031,3174,1082,3851,0,2422,3364
"1510",3174,3504,1082,3853,3114,3158,3364
"1511",3020,3916,3905,3853,2055,1026,3364
"1512",3020,3157,3905,3853,3165,0,3364
"1513",3165,1082,3905,3853,0,3020,3364
"1514",3504,3174,3158,3853,2055,3801,3364
"1515",3382,3174,3504,3853,0,3158,3364
"1516",3905,1082,3174,3853,2055,3158,3364
"1517",3107,3174,3158,3853,2055,0,3364
"1518",2422,3174,2055,3851,0,0,3364
"1519",3174,3158,3801,3853,2055,1082,3364
"1520",3107,3174,3041,3853,2055,3158,3364
"1521",3107,3504,3174,3853,2055,3158,3364
"1522",3107,2420,3158,3853,2055,3174,3364
"1523",3107,3174,3158,3853,0,3041,3364
"1524",3107,3157,3158,3853,2055,3174,3364
"1525",3114,1082,3047,3853,3174,3801,3364
"1526",3107,3041,3174,3853,2055,3158,3364
"1527",3107,3157,3158,3853,3174,3504,3364
"1528",2055,3041,3174,3853,3114,3158,3364
"1529",3853,3285,3020,1058,3151,2055,3364
"1530",3853,3285,3020,3136,0,1026,3364
"1531",2055,3853,3020,3174,3114,3113,3364
"1532",3504,3853,3191,2424,3174,3111,3364
"1533",3114,3851,2423,3174,1001,1052,3364
"1534",2010,3851,2423,3174,3020,0,3364
"1535",2055,3916,3157,3285,3020,0,3363
"1536",3853,3504,2423,3020,3174,3108,3364
"1537",3114,3853,2423,3020,3174,3113,3364
"1538",3853,3174,3020,3504,2424,3191,3364
"1539",3174,3504,3114,3860,3111,2055,3364
"1540",3174,3009,1004,3859,1052,2055,3364
"1541",3174,3114,3107,3860,3047,2055,3364
"1542",1033,1001,3174,3859,1004,2055,3364
"1543",3504,3009,3107,3860,3174,2055,3364
"1544",3174,1004,3047,3860,3504,2055,3364
"1545",3020,3905,3135,3030,3089,1052,2052
"1546",3174,3020,1004,3859,1004,0,3364
"1547",3285,3165,3089,3020,3135,3907,2052
"1548",2424,3089,3285,3111,1082,3165,3363
"1549",3285,3165,1001,1058,0,0,2052
"1550",2424,1056,3285,1026,1001,1082,3363
"1551",3851,3802,3020,1026,0,0,3340
"1552",3048,3285,3111,3089,3165,3135,2052
"1553",2424,1056,3285,3020,1082,1058,3363
"1554",2424,1056,3285,1001,0,1082,3363
"1555",3089,3285,3020,2055,2003,3916,3363
"1556",2423,1056,3285,3041,1001,3089,3363
"1557",2423,1058,3285,3020,0,0,3363
"1558",2424,3853,3285,3020,2003,2055,3363
"1559",3851,3174,3113,3114,1056,1001,3340
"1560",3285,3165,3102,3135,1058,3020,3364
"1561",3089,3285,3165,3102,3020,1082,3363
"1562",3157,3285,3165,3020,1058,1082,3364
"1563",3157,3089,3285,3135,3020,1082,3364
"1564",3030,3108,1056,1056,2422,0,3340
"1565",3030,3905,1052,1082,1056,3020,3363
"1566",3030,3905,3165,1058,3020,3041,3363
"1567",3030,3905,3020,1058,3041,3916,3363
"1568",3030,3905,3165,1082,3020,1056,3363
"1569",3030,3108,3113,1056,1056,3020,3363
"1570",3030,3905,3165,1056,3020,1052,3363
"1571",3030,3905,2055,1056,1052,3020,3363
"1572",3030,3905,3157,3020,3089,3165,3363
"1573",3030,3905,3165,1056,3020,0,3340
"1574",3030,3905,2003,1056,3020,1052,3363
"1575",3030,3905,3135,3089,3041,3020,3363
"1576",3030,3905,3165,1056,1056,3020,3363
"1577",3030,0,2422,1082,1056,1052,3340
"1578",3802,2003,1056,2422,3191,1056,3340
"1579",3030,3905,1058,3020,1058,3165,3363
"1580",3030,3905,3089,3020,3916,1052,3363
"1581",3030,3905,3916,3020,1058,1082,3363
"1582",3030,3905,3165,1056,3020,3108,3363
"1583",3030,3905,3135,1056,1082,3020,3363
"1584",3030,3905,1058,1058,3020,3041,3340
"1585",3030,3905,0,3165,1058,3020,3363
"1586",3030,3905,3157,2055,3020,1052,3363
"1587",3030,1026,1082,1056,3108,3020,3363
"1588",3030,3905,2055,3020,0,1056,3363
"1589",0,1028,3174,1004,1001,1056,3340
"1590",3030,3905,1082,3020,1056,0,3363
"1591",3107,0,3020,1056,3174,3916,3363
"1592",3030,3905,1058,3020,1058,3916,3363
"1593",3030,3905,3386,1082,3020,0,3363
"1594",3030,2055,2003,1056,1082,3020,3363
"1595",3030,3905,3020,3041,1056,3916,3363
"1596",3030,3905,3020,3165,1058,3041,3363
"1597",3030,3905,3165,1056,3020,3102,3363
"1598",3030,3905,1082,3020,1056,1026,3340
"1599",3030,3905,1058,3020,3165,1056,3363
"1600",3030,3157,3102,3020,1056,3916,3363
"1601",3030,3102,0,1056,3020,0,3340
"1602",3030,3157,0,1056,3020,1052,3340
"1603",3030,3905,3020,1058,3165,3041,3363
"1604",3030,3905,3020,3089,3041,3165,3363
"1605",3030,3905,1058,1058,3020,1082,3363
"1606",3030,3905,3089,1026,3165,3020,3363
"1607",3030,3905,3089,3165,3020,3041,3363
"1608",3853,3107,3020,3174,3041,3165,3364
"1609",3107,3853,0,3174,3158,3165,3364
"1610",3853,3107,3089,3174,3135,3020,3364
"1611",3030,3020,1026,3916,1056,1082,3340
"1612",3030,3905,1082,3020,1056,1058,3363
"1613",3905,3916,3089,1082,3285,3020,3363
"1614",3030,0,1082,3020,3113,1056,3340
"1615",3030,3905,1058,1056,3020,1058,3363
"1616",3030,3905,1058,3020,3165,1056,3363
"1617",3853,3174,3107,3158,3114,2055,3364
"1618",3860,3174,3504,3158,2055,0,3364
"1619",3089,3905,3030,3020,0,1056,3340
"1620",3853,3174,3504,3158,3114,2055,3364
"1621",3853,3174,3158,3504,0,0,3364
"1622",3853,3174,3158,3504,3114,0,3364
"1623",3853,3174,3158,3504,3114,0,3364
"1624",3853,3174,3504,2055,3158,0,3364
"1625",3853,3174,3504,3158,3114,3801,3364
"1626",3853,3174,3114,3158,2055,3113,3364
"1627",3853,3174,0,3158,3114,3113,3364
"1628",3853,3174,3158,3504,0,0,3364
"1629",3853,3174,3504,3158,0,3114,3364
"1630",3853,3174,3158,3504,3114,3801,3364
"1631",3853,3107,2421,3504,3158,3174,3364
"1632",3853,0,3107,3158,3174,3504,3364
"1633",3850,0,0,0,0,0,3340
"1634",3853,2065,3504,3158,3174,2055,3364
"1635",3107,3174,3860,3114,3158,2055,3364
"1636",3504,3107,3860,0,3009,3174,3364
"1637",3860,3174,3009,3504,3114,2055,3364
"1638",3860,3174,3107,3504,3158,2055,3364
"1639",3851,3107,3047,0,1004,2055,3364
"1640",3853,3174,3158,3504,0,2055,3364
"1641",3020,3905,3030,3041,1056,0,3340
"1642",3859,3158,2065,3174,0,0,3364
"1643",3860,3047,3174,3114,3113,0,3364
"1644",2055,3860,3107,3504,3158,3174,3364
"1645",3853,3174,3158,3504,2055,0,3364
"1646",1056,3285,1026,3020,1052,1028,3363
"1647",1056,3285,3157,3020,0,0,3363
"1648",1056,3285,3191,3020,3108,0,3363
"1649",1058,3285,3157,3020,1026,0,3363
"1650",1056,3285,3157,3020,3165,1058,3363
"1651",1056,3285,3157,3020,1058,1058,3363
"1652",1056,3285,3157,3020,1058,0,3363
"1653",1056,3285,3165,3020,0,2055,3363
"1654",1056,3285,3157,3020,0,0,3363
"1655",1056,3285,3157,3020,2055,0,3363
"1656",1056,3285,3157,3020,3089,0,3363
"1657",1056,3285,3157,3020,1058,0,3363
"1658",1056,1058,3157,3020,1026,3285,3363
"1659",1056,3285,2055,3020,0,0,3363
"1660",3108,3285,3853,3020,3191,0,3364
"1661",3165,3285,3020,1082,0,0,3363
"1662",3285,3158,1082,3916,1056,1026,3363
"1663",3030,1056,3020,3102,3916,2055,3363
"1664",3030,3020,3165,1056,1058,1058,3363
"1665",3030,3020,3102,1056,3165,2055,3363
"1666",3030,3905,3157,3020,1058,0,3363
"1667",3030,3191,3020,1056,0,1052,3363
"1668",3853,3158,3174,3504,0,2055,3364
"1669",3853,3174,2055,3114,3158,0,3364
"1670",3853,3107,3174,1082,3504,3117,3364
"1671",3853,3174,3117,3114,1082,3113,3364
"1672",3853,3107,3504,3174,3041,3117,3364
"1673",3853,3107,3089,3504,3174,3117,3364
"1674",3851,3020,3285,2055,0,0,3364
"1675",3853,3285,3089,3020,1082,0,3364
"1676",3853,3174,1082,3504,3117,3114,3364
"1677",3851,3174,1082,3117,3114,2055,3364
"1678",3851,3174,3117,1082,3114,3113,3364
"1679",3853,3285,3020,1058,1058,2055,3364
"1680",3851,3285,3158,1026,1082,0,3364
"1681",3853,3285,3020,3114,1082,1058,3364
"1682",3853,3107,3504,1082,3009,3174,3364
"1683",3851,2003,3028,3108,0,2422,3340
"1684",3853,3107,3504,3117,3174,1058,3364
"1685",3853,3174,3117,2055,1082,3504,3364
"1686",3853,3107,1082,3117,3504,3174,3364
"1687",3850,2003,0,0,0,0,3340
"1688",3853,3107,3117,3504,1058,3174,3364
"1689",3853,3222,3174,3041,3504,3158,3364
"1690",3174,3853,3117,1082,3114,2055,3364
"1691",3853,3174,3117,3041,3504,2055,3364
"1692",3851,3174,3114,3117,1082,0,3364
"1693",3853,3107,3158,3504,3174,2055,3364
"1694",1056,2003,3020,3285,1058,1082,3363
"1695",1056,3285,1056,3020,1058,1082,3363
"1696",3851,3174,3113,2422,3114,0,3364
"1697",3853,1082,3174,3117,3504,0,3364
"1698",3158,1082,3174,3853,3504,2055,3364
"1699",1056,3285,3020,1033,1052,1028,3363
"1700",1056,3285,3020,3916,0,2055,3363
"1701",1056,3285,3020,3157,1052,1028,3363
"1702",3158,3174,3504,3853,0,2055,3364
"1703",1058,3285,3020,3165,1058,3135,3363
"1704",1056,3285,3108,3020,1033,0,3363
"1705",1056,3285,3020,3191,3916,1026,3363
"1706",1056,3020,3285,2055,1052,0,3340
"1707",1056,3285,3165,3157,3135,3020,3363
"1708",1056,3285,3020,3151,1026,1052,3340
"1709",3504,3107,3174,2055,3853,3158,3364
"1710",3158,2031,3174,3114,3853,1052,3364
"1711",1056,2031,3285,3020,3916,1026,3340
"1712",3504,3174,1052,2055,3853,3158,3364
"1713",3504,2031,1031,2055,3853,3158,3364
"1714",3157,3020,3285,3135,3165,3089,3364
"1715",3850,2003,2010,0,0,0,3340
"1716",3158,3504,1028,3114,3860,0,3364
"1717",3174,3504,3108,3916,3853,3158,3364
"1718",3158,2031,3174,3114,3859,0,3364
"1719",3504,2031,3158,2055,3853,3108,3364
"1720",3504,2031,3158,3028,3853,0,3364
"1721",3174,3504,3020,2055,3853,3114,3364
"1722",3222,3174,3158,3504,3860,1026,3364
"1723",2065,3158,3174,2055,3855,3504,3364
"1724",3504,2031,3158,0,3859,0,3340
"1725",3174,2031,3158,3504,3853,1058,3364
"1726",3041,3802,3504,3916,3853,3158,3364
"1727",3158,3114,3174,2055,3853,3504,3364
"1728",3853,3174,3020,3165,1058,1058,3364
"1729",3853,3174,3158,1082,3504,0,3364
"1730",3853,3107,2055,3504,3174,3158,3364
"1731",3853,3107,3190,3504,3174,3158,3364
"1732",3853,3504,3174,0,3158,0,3364
"1733",1056,3030,3020,1056,3191,1052,3340
"1734",3851,3020,3174,2003,2055,0,3364
"1735",3853,3174,3020,0,3504,0,3364
"1736",1056,3030,3020,3089,2055,3165,3363
"1737",3020,3040,3157,3165,3135,3089,3363
"1738",1056,3040,3020,3165,2055,1058,3340
"1739",3853,3174,3285,3165,3020,3089,3364
"1740",3860,3174,3158,3504,1026,3916,3364
"1741",3851,3108,1001,3028,0,0,3364
"1742",3851,2003,1001,1052,2055,0,3340
"1743",3851,3174,3158,1052,2055,0,3364
"1744",3853,3174,3158,3504,3041,1058,3364
"1745",3853,3158,3504,3041,3174,1058,3364
"1746",3020,3285,3108,1026,3089,3041,3363
"1747",1056,1026,3802,1001,1052,1052,3340
"1748",3285,2031,3020,1056,1052,1026,3363
"1749",3853,3107,3174,3020,3504,0,3364
"1750",3386,2031,3802,3020,1056,1026,3363
"1751",3853,2031,3174,3111,3504,1028,3364
"1752",3853,3107,3504,3174,3020,0,3364
"1753",3853,3157,3117,3174,3504,0,3364
"1754",3853,3504,3174,3802,3117,1026,3364
"1755",1056,3020,3285,3165,0,0,3363
"1756",1056,2031,3285,3020,3108,1052,3363
"1757",3157,3135,3285,3020,1056,1026,3363
"1758",1058,3157,3285,3020,1058,3165,3363
"1759",1056,3157,3285,1056,3020,3916,3363
"1760",3853,3157,1082,3117,3802,1026,3364
"1761",3135,3157,3285,3020,3165,1058,3363
"1762",1056,3157,3285,3020,3135,0,3363
"1763",3851,2031,1082,3802,1001,3174,3364
"1764",1058,3157,3285,3165,3020,3135,3363
"1765",1056,2031,0,0,0,0,3340
"1766",2031,3157,3020,1056,3285,0,3363
"1767",1056,3285,3108,3020,0,0,3363
"1768",1056,3157,3285,2031,1001,1052,3363
"1769",3853,3157,3285,3020,3165,0,3364
"1770",3853,3285,3020,3174,1058,0,3364
"1771",1056,3157,3020,1056,1082,3285,3363
"1772",1056,3285,1056,1082,1001,0,3363
"1773",3853,3157,3285,1052,1028,3020,3364
"1774",3853,3174,3285,0,3020,0,3364
"1775",1056,2031,1082,3285,3020,1052,3363
"1776",1056,3102,1082,3285,3020,1026,3363
"1777",3853,3157,3174,3020,3285,0,3364
"1778",1056,3157,3285,3020,1026,0,3363
"1779",3853,3285,3028,1001,0,0,3364
"1780",1056,3102,3285,3020,3165,1026,3363
"1781",1056,3089,3165,3285,3020,1026,3363
"1782",1056,3157,3285,3020,3135,0,3363
"1783",1056,3020,1029,1082,3285,1029,3363
"1784",1056,3157,3285,3165,3020,0,3363
"1785",3089,3285,1026,3020,3135,0,3363
"1786",3853,3285,3916,3504,3020,0,3364
"1787",3853,3504,3174,3117,3801,0,3364
"1788",3851,3504,1004,1004,3117,0,3364
"1789",3853,3117,3285,3504,3174,3916,3364
"1790",3851,3285,0,1082,0,0,3364
"1791",3851,3020,1082,3285,1052,0,3364
"1792",3853,3285,3174,3020,3916,1026,3364
"1793",3853,2031,3285,3020,3108,3916,3364
"1794",1056,3020,3285,3165,3108,2420,3363
"1795",1056,3285,3020,3165,3041,3089,3363
"1796",3165,3157,3285,3135,3020,0,3363
"1797",3853,3285,1004,3020,1004,1058,3364
"1798",1056,2003,1001,1082,3802,0,3340
"1799",3853,3157,3020,3285,3165,1058,3364
"1800",3853,3285,3020,3916,0,3108,3364
"1801",3853,1026,3285,3020,1082,0,3364
"1802",3853,3285,2031,3020,3108,3916,3364
"1803",1026,3157,3020,1082,3285,3165,3363
"1804",1056,3157,3020,1082,3165,3285,3363
"1805",1056,3157,3285,3020,3916,0,3363
"1806",3853,3020,3114,3916,3285,1026,3364
"1807",1056,3157,1082,3285,3020,1052,3363
"1808",3089,3157,3020,3285,1082,0,3363
"1809",3020,3030,3905,3853,3165,0,3364
"1810",3089,2031,1001,3802,1056,3041,3340
"1811",1056,3285,3020,1058,1058,0,3340
"1812",1056,3285,1052,0,3020,1028,3340
"1813",3020,1058,3285,1052,1056,1058,3364
"1814",1056,3285,1001,2003,3916,0,3340
"1815",3020,3030,3089,1056,3165,0,3363
"1816",3020,3030,3905,3853,1026,1052,3363
"1817",3089,3285,3020,0,0,0,3340
"1818",2003,3851,3020,3285,1052,1028,3340
"1819",3020,3157,3285,3089,3165,1056,3364
"1820",1056,3285,3020,3191,2420,2003,3340
"1821",1056,1028,3020,3285,1026,0,3340
"1822",3020,2420,3853,3108,3191,3285,3364
"1823",2422,3030,3853,3905,0,0,3364
"1824",3020,3157,3030,3285,3853,1052,3364
"1825",1056,2003,3285,1001,1052,0,3340
"1826",3020,3285,3128,4203,1052,0,3364
"1827",1001,3285,3089,4203,1052,0,3364
"1828",3020,3285,4203,3089,0,0,3364
"1829",3020,3157,3089,1026,3285,1052,3364
"1830",3020,3157,3089,3135,3285,0,3364
"1831",3020,3853,3285,1058,0,0,3364
"1832",3020,3174,3285,3089,3135,3108,3364
"1833",3020,3853,3285,3089,3108,3191,3364
"1834",3020,2421,3853,3108,3285,0,3364
"1835",3850,2003,1001,2055,0,0,3340
"1836",3020,3157,3853,3285,3089,1052,3363
"1837",4104,3157,3020,3135,3089,0,3364
"1838",3157,2003,1058,3285,4101,0,3340
"1839",3020,3853,3285,3089,3135,0,3364
"1840",0,3020,3853,3916,3089,0,3364
"1841",0,2003,3859,3504,1001,1004,3364
"1842",0,3916,3853,3089,3020,3802,3364
"1843",0,3916,3851,3020,1058,0,3364
"1844",2055,3020,3853,3916,3089,1052,3364
"1845",3108,1026,3853,3020,3916,3089,3364
"1846",3191,3089,3853,3916,3020,3135,3364
"1847",2055,3916,3853,1058,3020,1058,3364
"1848",0,3020,3853,3916,1058,0,3364
"1849",1052,3916,3853,3020,3089,1052,3364
"1850",3089,3916,3853,3020,0,0,3364
"1851",2055,1058,3851,3020,3916,1058,3364
"1852",3089,3020,3853,3916,1026,3802,3364
"1853",0,3916,3853,1058,3020,1058,3364
"1854",3107,3174,3860,0,0,0,3364
"1855",0,1058,3853,3020,3916,1058,3364
"1856",2055,3916,3853,3020,3135,3089,3364
"1857",2055,3916,3853,3020,3089,0,3364
"1858",3802,3916,3853,3020,1026,3089,3364
"1859",1058,1058,3853,0,3020,3916,3364
"1860",0,3916,3851,3020,0,0,3364
"1861",0,1058,3853,3916,3020,1058,3364
"1862",0,3916,3853,1058,3020,1058,3364
"1863",2055,3916,3853,3802,3089,3020,3364
"1864",0,3020,3853,3916,1082,1058,3364
"1865",3504,3801,3158,3174,3860,0,3364
"1866",3860,3107,3174,3158,3504,0,3364
"1867",3860,3174,3158,3504,3801,3114,3364
"1868",1058,3030,3905,3020,3191,1058,3363
"1869",3860,3174,3009,3801,3114,0,3364
"1870",3860,3504,3009,3802,0,3174,3364
"1871",3860,3107,3009,3504,3174,2055,3364
"1872",3860,3107,3028,3009,3174,3504,3364
"1873",3860,3504,3009,1052,0,3174,3364
"1874",3860,3174,3009,3113,2055,3114,3364
"1875",3860,3504,2055,3009,3174,3801,3364
"1876",1056,1058,3285,3041,3020,1058,3363
"1877",1056,2003,0,0,0,0,3340
"1878",3860,3107,3504,3117,3108,3174,3364
"1879",3859,2031,3108,3117,3028,0,3364
"1880",1056,3285,1052,1082,0,3020,3363
"1881",3853,2031,3174,3020,1026,3802,3364
"1882",3851,2031,3108,2422,3028,0,3364
"1883",3853,3802,3174,3020,1026,0,3364
"1884",3853,3285,3174,3020,1028,1052,3364
"1885",3853,2031,3174,3020,3802,1026,3364
"1886",3905,3222,3853,3165,3174,3020,3364
"1887",3853,3916,3174,3020,3285,1026,3364
"1888",3853,3285,3174,3020,3916,0,3364
"1889",3853,3174,3020,1026,1052,1028,3364
"1890",3851,2031,3174,1026,0,3020,3364
"1891",3853,1028,3174,3504,3020,1026,3364
"1892",3853,2031,3802,3191,3020,1026,3364
"1893",3851,3191,3802,3020,0,0,3364
"1894",3853,3102,1026,3020,1052,3285,3364
"1895",3853,3285,3108,3020,1052,1028,3364
"1896",3853,1052,3285,3108,3020,1026,3364
"1897",3853,3165,3108,3285,1026,3020,3364
"1898",3853,1026,3108,3020,3165,3285,3364
"1899",3851,2031,3802,1026,3020,2055,3364
"1900",3853,3020,3285,3165,2055,0,3364
"1901",3853,0,3285,3020,3108,1026,3364
"1902",3157,3853,3285,3020,3165,1058,3364
"1903",3853,3157,2055,3020,1028,3285,3364
"1904",3853,1058,3285,3020,3108,1058,3364
"1905",3853,3157,3285,3020,1026,0,3364
"1906",3853,1033,3285,3108,3020,1026,3364
"1907",3853,3165,3020,3285,1058,3102,3364
"1908",3851,2031,3802,3020,1026,0,3364
"1909",3853,3157,3285,3020,3165,0,3364
"1910",3853,2031,3285,3020,3916,0,3364
"1911",3851,2031,3802,2422,1052,0,3364
"1912",3853,3285,3020,3108,1033,2055,3364
"1913",3853,3108,3285,0,3020,0,3364
"1914",3853,2055,3020,3285,3102,3916,3364
"1915",3853,3102,3285,3020,3916,0,3364
"1916",3853,3157,3285,3020,0,3916,3364
"1917",3853,2055,3802,3020,3108,1026,3364
"1918",2421,3853,1029,3020,3108,3285,3364
"1919",3853,3285,3108,3191,3020,1033,3364
"1920",3853,3165,3020,3285,3108,3191,3364
"1921",3853,3102,3285,1058,3020,0,3364
"1922",3853,3285,3108,3020,1033,1026,3364
"1923",3853,3285,3108,1026,0,3020,3364
"1924",3853,1026,3285,1028,3020,3108,3364
"1925",3853,0,3285,3020,1052,3102,3364
"1926",3853,3165,3285,3020,3102,1028,3364
"1927",3853,1026,0,3020,3108,3285,3364
"1928",3851,1026,3802,3020,3191,2055,3364
"1929",3853,3285,3020,3102,1026,1028,3364
"1930",3853,2031,3285,1052,0,3020,3364
"1931",3853,2031,3285,3020,3165,2055,3364
"1932",3853,2031,3916,3020,3285,0,3364
"1933",3853,3165,3285,1058,3020,3108,3364
"1934",3853,3102,3285,3020,0,0,3364
"1935",3386,3165,3285,3853,2055,3020,3364
"1936",3853,1058,1058,3285,3102,3020,3364
"1937",3853,3905,3285,3020,1052,0,3364
"1938",0,3020,3041,3285,3108,1058,3363
"1939",3157,3853,3285,3020,1026,1052,3364
"1940",3853,3285,3020,2055,0,0,3364
"1941",3853,1026,3285,3916,3020,0,3364
"1942",3157,0,3853,3020,0,3285,3364
"1943",3108,1026,3285,1058,1033,3020,3363
"1944",3285,3041,1029,0,3020,0,3363
"1945",3853,2031,3285,3108,3020,2055,3364
"1946",3853,3285,2031,0,0,3020,3364
"1947",3853,2031,3108,3020,3285,0,3364
"1948",3851,2031,3020,3802,0,0,3364
"1949",3853,1058,3102,3020,3285,0,3364
"1950",3853,1052,3285,3020,3041,3108,3364
"1951",3157,0,3285,3020,3041,0,3363
"1952",1058,1058,0,3285,3041,3020,3363
"1953",3102,2031,1052,3285,1028,3020,3363
"1954",3020,3165,3285,3108,1029,0,3363
"1955",3916,3108,1056,3020,3089,3285,3363
"1956",3020,2031,3285,3108,1026,2055,3363
"1957",3853,3165,3285,3020,3108,0,3364
"1958",3853,3916,3285,3020,1026,3108,3364
"1959",0,3102,3285,3089,3020,0,3363
"1960",3009,3853,2055,3174,3504,1004,3364
"1961",3009,3853,2055,3107,3504,3174,3364
"1962",3009,3853,0,3174,3113,3114,3364
"1963",3504,3853,3801,3009,3174,2055,3364
"1964",3174,3853,0,3009,3504,3801,3364
"1965",3174,3853,2055,3114,3009,0,3364
"1966",3114,3851,2055,3009,3174,1052,3364
"1967",3009,3851,2055,1004,1004,3174,3364
"1968",3174,3853,2055,2065,3009,3107,3364
"1969",3009,3851,0,3174,0,0,3364
"1970",3009,3853,2055,3107,3174,3504,3364
"1971",3174,3853,0,3107,3504,3009,3364
"1972",3504,3853,2055,3222,3024,3009,3364
"1973",3009,3853,2055,3174,3504,3801,3364
"1974",3174,3853,2055,2065,1004,3009,3364
"1975",3009,3851,2055,3108,0,1004,3364
"1976",3158,3853,2055,3222,3174,3504,3364
"1977",3009,3860,3504,3222,3107,3174,3364
"1978",3285,1058,1058,3157,3020,3165,3363
"1979",3009,3860,3113,3174,3114,2055,3364
"1980",2003,3860,2055,3174,3009,3113,3364
"1981",3009,3860,2055,3107,3504,3174,3364
"1982",3174,3860,0,1052,3114,3009,3364
"1983",3009,3860,0,3107,3174,3114,3364
"1984",3858,2003,0,0,0,0,3340
"1985",3009,3860,3114,3107,3801,3174,3364
"1986",3009,3860,3174,3107,3504,1004,3364
"1987",3009,3860,2055,3107,3174,3114,3364
"1988",3859,2055,3009,1004,1004,1052,3364
"1989",3009,3860,2055,3174,1004,0,3364
"1990",3009,3859,2055,3174,1052,1004,3364
"1991",3158,3860,0,3174,3504,3114,3364
"1992",3174,3860,0,1004,3801,3009,3364
"1993",3174,3860,0,3107,3009,3504,3364
"1994",3009,3860,3114,3174,3113,0,3364
"1995",3009,3859,2055,3174,3114,1028,3364
"1996",3009,3860,2055,3107,3174,3114,3364
"1997",3174,3860,2055,3504,3114,3009,3364
"1998",3174,3860,2065,3107,3504,3009,3364
"1999",3020,3860,0,3285,1082,3916,3364
"2000",3009,3859,2055,3174,3041,0,3364
"2001",3174,3860,2055,3504,1028,3009,3364
"2002",3859,3009,0,1052,1004,1004,3364
"2003",3009,3860,2055,3107,3504,3174,3364
"2004",3009,3860,0,3222,3174,3114,3364
"2005",3174,3860,2055,2065,3504,3009,3364
"2006",3174,3860,2055,3107,3114,3009,3364
"2007",3174,3860,2055,3114,3801,3009,3364
"2008",3174,3860,2055,3107,3009,3114,3364
"2009",3158,3860,2055,3107,3174,3801,3364
"2010",3174,3860,2055,3504,3801,3009,3364
"2011",3009,3859,2055,3174,1052,0,3364
"2012",3174,3860,2055,3114,3009,0,3364
"2013",3853,3285,3020,3113,1082,3114,3364
"2014",3851,3285,1082,3020,1026,1052,3364
"2015",3853,1082,3285,3174,2055,3020,3363
"2016",3853,3285,3020,3041,3108,3028,3364
"2017",3853,3285,3041,3020,3916,0,3364
"2018",3853,3285,3020,3165,3174,3041,3364
"2019",3853,3020,3285,3165,0,0,3364
"2020",4203,3285,3020,3165,1058,1058,3340
"2021",3853,3285,3020,3174,1052,1082,3364
"2022",3048,0,3020,3174,1058,1058,2052
"2023",3853,3285,3020,3174,1052,1082,3364
"2024",3853,3285,1052,0,3020,1082,3364
"2025",3853,3285,3020,1082,1052,0,3364
"2026",3853,3020,3285,3165,3028,3041,3364
"2027",3853,3285,3165,3020,3174,0,3364
"2028",3285,3020,3165,3089,1052,0,2052
"2029",3853,3285,3020,3135,3165,3089,3364
"2030",3851,3285,0,1001,1082,0,3364
"2031",3853,3285,3020,3165,3089,3151,3364
"2032",3851,1001,1026,3802,2055,1082,3364
"2033",3853,3285,1058,3174,3020,3165,3364
"2034",3853,3285,3020,3041,1052,2055,3364
"2035",3853,3285,3165,3089,3020,3174,3364
"2036",3853,3020,3285,3174,3041,3114,3364
"2037",3853,3174,3285,3020,1082,0,3364
"2038",3853,3285,3020,3041,1052,1026,3364
"2039",3089,3157,3285,2055,1026,3020,3363
"2040",3020,3285,3113,3859,2055,0,3364
"2041",1082,2031,3285,3020,1058,3108,3340
"2042",1082,3157,3089,3285,3020,2055,3363
"2043",3285,3020,3135,3136,3089,1026,0
"2044",3504,3174,2003,3853,3117,0,3364
"2045",1058,3905,3030,3853,3116,3009,3364
"2046",3117,3905,3030,3853,1052,1028,3364
"2047",3028,3905,3030,3853,3114,2422,3364
"2048",3504,3108,2003,3853,1004,1001,3364
"2049",3136,3905,3030,3853,3165,3009,3364
"2050",3030,0,0,3851,0,2422,3340
"2051",3850,2010,2003,0,0,0,3340
"2052",2003,3905,3030,3853,3009,3108,3364
"2053",1052,3905,3030,3853,3009,0,3364
"2054",1026,3905,3030,3853,3916,3009,3364
"2055",0,3905,3030,3853,3113,3009,3364
"2056",2055,3905,3030,3853,3108,2422,3364
"2057",3089,3285,3020,1052,0,0,3340
"2058",3285,3157,3020,3089,3135,3102,3340
"2059",3102,3157,3020,3089,3285,1026,3340
"2060",3285,3157,3089,3135,3020,3108,3340
"2061",3285,2031,1058,1001,0,0,3340
"2062",3089,1058,3285,2055,3020,1052,3363
"2063",3089,3285,3165,3135,3020,1052,3363
"2064",1056,3157,3285,3089,3020,3165,3363
"2065",1056,3030,3020,0,3916,3102,3363
"2066",3089,2055,3020,3030,3165,3135,3340
"2067",3089,3285,3020,0,1026,3165,3363
"2068",1058,3113,3285,3157,3089,3020,3340
"2069",1056,3916,3020,3157,1026,3285,3363
"2070",3102,3020,3285,3191,3108,2420,3340
"2071",1056,2055,3020,1026,3285,3108,3340
"2072",1056,3285,3020,3113,0,1058,3363
"2073",3135,3285,3047,3157,2055,0,3363
"2074",3853,3030,3020,1082,3151,0,3364
"2075",3853,3285,3041,3020,3151,0,3364
"2076",3853,3030,3041,3020,3174,1052,3364
"2077",3853,3020,2031,3285,3041,0,3364
"2078",3851,3174,3111,0,0,0,3364
"2079",3851,2031,3174,1052,0,1001,3364
"2080",3853,3285,3020,3151,0,0,3364
"2081",1056,3030,3905,3158,2424,3108,3364
"2082",3853,3030,3157,3158,0,0,3364
"2083",3853,2421,3174,3047,3191,1052,3364
"2084",3853,3030,2031,3158,3174,0,3364
"2085",3853,3030,3157,3047,3082,3076,3364
"2086",3853,3174,3158,3151,3105,1033,3364
"2087",3285,3158,3151,3135,0,2055,3363
"2088",3851,3802,3020,2031,0,0,3364
"2089",3858,2003,0,0,0,0,3340
"2090",3853,3285,3158,1026,0,0,3364
"2091",3860,3174,3158,3504,1052,0,3364
"2092",3853,3504,3158,3174,0,0,3364
"2093",3859,2031,3117,3028,2055,1052,3364
"2094",3853,3030,1026,3158,3174,1052,3364
"2095",3853,3157,3165,1026,3020,3285,3364
"2096",3853,3157,0,3174,3047,0,3364
"2097",3853,3030,3111,0,0,0,3364
"2098",3853,3285,3020,1052,1026,2031,3364
"2099",3853,3222,3158,3504,3174,0,3364
"2100",3851,3111,2424,3108,2010,0,3340
"2101",3860,3047,3174,3191,3108,0,3364
"2102",3853,3157,1028,3174,3111,0,3364
"2103",3853,3222,3157,3174,3047,3504,3364
"2104",3853,3030,3174,3158,3504,2031,3364
"2105",1056,3030,3157,1052,3158,1028,3363
"2106",3853,3157,3136,3174,3158,0,3364
"2107",3860,3222,2424,3158,3114,1052,3364
"2108",3850,2003,0,0,0,0,3340
"2109",3853,3174,3158,3151,0,0,3364
"2110",3151,3165,3285,3020,0,0,3363
"2111",3860,3222,3174,3158,3504,2055,3364
"2112",3853,3030,3157,3047,3174,1029,3364
"2113",3853,3030,3174,3117,2003,0,3364
"2114",3853,2031,3117,1052,3174,0,3364
"2115",3853,3174,3158,3136,2031,0,3364
"2116",3851,3174,2031,1052,2055,2422,3364
"2117",3853,3174,3028,3158,3151,3114,3364
"2118",3859,3174,3158,2055,2031,0,3364
"2119",3850,2003,3047,1052,1004,1004,3364
"2120",3853,3905,3117,3174,1052,1026,3364
"2121",3853,2031,3174,3114,1052,3158,3364
"2122",3853,3222,3020,3174,3504,2055,3364
"2123",3853,3157,3020,3285,1052,0,3364
"2124",3853,3285,3028,3020,3174,3114,3364
"2125",3859,3222,2420,2031,3117,0,3364
"2126",3851,3802,3117,2031,1026,0,3364
"2127",3860,3030,3157,3111,3174,0,3364
"2128",3853,3107,2421,3158,3191,3174,3364
"2129",3853,3030,3157,3151,3174,3158,3364
"2130",3853,2031,3174,3020,3802,0,3364
"2131",3859,2421,3117,3174,3191,1052,3364
"2132",3853,3157,3285,0,3020,0,3364
"2133",3853,3041,3020,3285,3028,1052,3364
"2134",3851,2031,3158,3174,0,0,3364
"2135",3853,3222,3158,3174,2031,3113,3364
"2136",3853,3030,3158,2424,3191,0,3364
"2137",3853,3190,3020,3504,3174,0,3364
"2138",3860,3222,3174,3158,3504,3105,3364
"2139",3853,3030,3020,2031,3504,1052,3364
"2140",3853,3174,3020,3802,0,0,3364
"2141",3040,3020,1056,1082,3136,1026,3363
"2142",3030,3020,3905,3151,1058,1058,3363
"2143",3040,3020,1056,3151,3089,3041,3363
"2144",3003,3020,1056,0,0,0,3340
"2145",3040,3020,1056,1052,1028,0,3340
"2146",3030,3020,3108,1082,1056,0,3340
"2147",3853,2055,3107,3174,3158,3504,3364
"2148",3157,1056,3285,3020,3041,1026,3363
"2149",3158,2031,3174,2055,3853,3114,3364
"2150",1056,3157,3165,3285,3020,1058,3363
"2151",3020,3030,3853,3089,3108,1052,3364
